"","title","date","push"
"1","
			
				Re: [問卦] 媽呀，我今天一個人跨年？你們呢？
			
			","12/31","爆"
"2","
			
				[問卦] 三天沒吃飯，身上剩2塊錢，如何過到1/3？
			
			","12/31","爆"
"3","
			
				[問卦] 新年快樂 發錢錢會爆嗎?
			
			"," 1/01","爆"
"4","
			
				Re: [問卦] 只喜歡歷史可以做什麼工作啊?
			
			"," 1/04","爆"
"5","
			
				[爆卦] 頂新台灣之星來PTT上潑屎囉
			
			"," 1/04","爆"
"6","
			
				Re: [爆卦] 夢到核二燃料束破裂
			
			"," 1/07","爆"
"7","
			
				Re: [新聞] 驚奇！發現人體新器官　改寫百年解剖學
			
			"," 1/07","爆"
"8","
			
				Re: [問卦] 茶因為一例一休漲價怎辦？
			
			"," 1/08","爆"
"9","
			
				[爆卦] Ptt法務部行政報告 2016回顧-八卦版版本
			
			"," 1/11","爆"
"10","
			
				Re: [問卦] 甲甲去當兵有多爽？
			
			"," 1/16","爆"
"11","
			
				[爆卦] 統媒假造韓媒新聞操縱反韓情緒(文長)
			
			"," 1/17","爆"
"12","
			
				[爆卦] 受害韓國女生的手寫信 (記者快來抄
			
			"," 1/20","爆"
"13","
			
				Re: [問卦] 有沒有瑪雅國王名字中二的八卦？
			
			"," 1/21","爆"
"14","
			
				Re: [新聞] 房市震撼 公設擬不計入坪數
			
			"," 1/24","爆"
"15","
			
				Re: [問卦] 如何使用台語流利的唸出文言文？
			
			"," 1/24","爆"
"16","
			
				[爆卦] 龍山寺發紅包假鈔（吉吉吉）
			
			"," 1/29","爆"
"17","
			
				Re: [問卦] 有新聞在播馬雅文化的八卦嗎？
			
			"," 2/01","爆"
"18","
			
				Re: [新聞] 台灣女獸醫死諫　BBC揭開悲劇黑幕 (翻譯)
			
			"," 2/03","爆"
"19","
			
				Fw: [公告] 批踢踢流行語大賞暨風雲人物投票開跑!!
			
			"," 2/04","爆"
"20","
			
				Re: [問卦] 希臘神V.S埃及神
			
			"," 2/05","爆"
"21","
			
				[道歉] 道歉文
			
			"," 2/05","爆"
"22","
			
				Re: [問卦] 蟻后別做朋友
			
			"," 2/09","爆"
"23","
			
				[爆卦] YouTube目前發現嚴重漏洞
			
			"," 2/09","爆"
"24","
			
				Re: [問卦] 大雄被罰站過幾次？
			
			"," 2/09","爆"
"25","
			
				Re: [新聞] 游錫<U+5803>：漢文化是共同資產 非中國所獨有
			
			"," 2/10","爆"
"26","
			
				Re: [新聞] 台紙內鬨吵什麼？關鍵原因是這些
			
			"," 2/12","爆"
"27","
			
				Re: [問卦] 被別人罵仇女 我該怎麼反擊
			
			"," 2/13","爆"
"28","
			
				[爆卦] 懶叫比雞腿,這句話已經100年了
			
			"," 2/14","爆"
"29","
			
				[爆卦] 關於蝶戀花~
			
			"," 2/14","爆"
"30","
			
				Re: [新聞] 軍校招不到人　怪制服不夠「趴」？
			
			"," 2/15","爆"
"31","
			
				Re: [新聞] 國小台語課本全是羅馬拼音 大人喊苦：是
			
			"," 2/15","爆"
"32","
			
				Re: [問卦] 把陶淵明的腰硬往下折會怎樣？
			
			"," 2/16","爆"
"33","
			
				Re: [問卦] 哆拉A夢會洗澡嗎
			
			"," 2/16","爆"
"34","
			
				Re: [問卦] PTT有辦法每周做PTT狂新聞嗎？
			
			"," 2/16","爆"
"35","
			
				Re: [新聞] 國民黨開大門？　屢爆人頭黨員、黑道及酒店妹入黨爭議
			
			"," 2/16","爆"
"36","
			
				Re: [問卦] 宋朝文組治國的優點?
			
			"," 2/17","爆"
"37","
			
				Re: [問卦] 宋朝文組治國的優點?
			
			"," 2/17","爆"
"38","
			
				[公告] 水桶
			
			"," 2/19","爆"
"39","
			
				[爆卦] ...........媽媽等你到最後一天.........
			
			"," 2/19","爆"
"40","
			
				Re: [問卦] 台北市哪一棟大樓最陰?
			
			"," 2/20","爆"
"41","
			
				Re: [新聞] 媒介5少女賣淫51次　上工前噁男先「試做
			
			"," 2/22","爆"
"42","
			
				Re: [新聞] 台裔男童命喪異鄉　推是遭幫派互鬥波及
			
			"," 2/23","爆"
"43","
			
				Re: [問卦] 228連假茶和魚的供給量如何
			
			"," 2/24","爆"
"44","
			
				[爆卦] 數據解析中客不來的失敗
			
			"," 2/24","爆"
"45","
			
				Re: [問卦] 為什麼甲甲喜歡用情緒勒索的招數？
			
			"," 2/27","爆"
"46","
			
				Re: [道歉]道歉文
			
			"," 3/01","爆"
"47","
			
				Re: [問卦] 設局害死閨蜜會被判死嗎？
			
			"," 3/06","爆"
"48","
			
				Re: [新聞] 鬱女輕生遇暖男 撕爛遺書撒入海
			
			"," 3/06","爆"
"49","
			
				Re: [新聞] 櫻花妹的台灣老公：台日友好是一廂情願
			
			"," 3/08","爆"
"50","
			
				Re: [舊聞] 棒協實收1億 徐永明：公開平台僅寫3千萬
			
			"," 3/08","爆"
"51","
			
				[爆卦]作曲家因雷亞支持涉抄襲的V.K克而解除合作
			
			"," 3/10","爆"
"52","
			
				Re: [問卦] 龐統如果沒死的話曹操會輸嗎?
			
			"," 3/13","爆"
"53","
			
				Re: [問卦] 現在國小的台語課是不是有病?
			
			"," 3/18","爆"
"54","
			
				Re: [問卦] 這次臨檢事件，風向是不是已經確定了?
			
			"," 3/22","爆"
"55","
			
				Re: [新聞] 台灣情侶休學圓夢！爬喜馬拉雅山遇大雪…
			
			"," 3/23","爆"
"56","
			
				Re: [新聞] 檢調搜索快取寶負責人別墅　早人去樓空
			
			"," 3/26","爆"
"57","
			
				Re: [問卦] 有沒有三菱銀行人質事件的八卦？
			
			"," 4/03","爆"
"58","
			
				[爆卦] 54姚老師說柯P拿不到10萬票
			
			"," 4/05","爆"
"59","
			
				Re: [新聞] 改圖不夠！柯P「永不放棄」跌倒T恤上市　
			
			"," 4/08","爆"
"60","
			
				Re: [新聞] 八田安葬烏山頭 愛台灣超越種族
			
			"," 4/17","爆"
"61","
			
				[爆卦] 我犯罪了
			
			"," 4/19","爆"
"62","
			
				[祭品] 幫郝龍斌抓賄選，我加碼100份珍奶雞排
			
			"," 4/19","爆"
"63","
			
				Re: [問卦] 怎麼玩已經開始30年的大富翁的八掛
			
			"," 4/20","爆"
"64","
			
				Re: [ＦＢ] 侯漢廷【陳儀真的運米赴陸嗎？】
			
			"," 4/21","爆"
"65","
			
				Re: [問卦] 有沒有古馬雅球戲的八卦
			
			"," 4/21","爆"
"66","
			
				Re: [新聞] 出版社證實林奕含父母聲明！驚爆「補習班
			
			"," 4/28","爆"
"67","
			
				[問卦] 衛福部的兩套標準嘴臉？
			
			"," 5/01","爆"
"68","
			
				[問卦] 林奕含事件是不是快像洪仲丘案恐怖
			
			"," 5/01","爆"
"69","
			
				Re: [問卦] 房思琪發生的事（有雷）
			
			"," 5/01","爆"
"70","
			
				Re: [問卦] 房思琪發生的事（有雷）
			
			"," 5/01","爆"
"71","
			
				Re: [問卦] 房思琪發生的事（有雷）
			
			"," 5/01","爆"
"72","
			
				Re: [新聞] 才女作家曾遭補教師誘姦？ 南市警：如A女
			
			"," 5/01","爆"
"73","
			
				Re: [問卦] 陪喜歡的女生去拜月老是什麼感覺？
			
			"," 5/01","爆"
"74","
			
				[新聞] 月領12萬！美國關島來台徵水泥工　機票、
			
			"," 5/01","爆"
"75","
			
				[ＦＢ] 戴資穎FB：我有話想說!!
			
			"," 5/01","爆"
"76","
			
				[問卦] 有人有衛生紙嗎？
			
			"," 5/01","爆"
"77","
			
				[爆卦] 全聯把雅芳冰淇淋漲兩倍說買一送一
			
			"," 5/01","爆"
"78","
			
				[新聞] 仍是單身！ 林志玲坦言「想有人照顧」
			
			"," 5/01","爆"
"79","
			
				[問卦] 為什麼補教業沒群起撻伐？
			
			"," 5/01","爆"
"80","
			
				Re: [問卦] 寫作是不是害死了林亦含？
			
			"," 5/01","爆"
"81","
			
				Re: [新聞] 遭控侵害女作家 名師招牌卸下 學生：他說
			
			"," 5/01","爆"
"82","
			
				[問卦] 明天要去情報局報到取什麼假名才好
			
			"," 5/01","爆"
"83","
			
				[ＦＢ] 林俊憲
			
			"," 5/01","爆"
"84","
			
				Re: [問卦] 板標是在文青三小
			
			"," 5/01","爆"
"85","
			
				[新聞] 【女作家之死】影射「補教界馬英九」
			
			"," 5/01","爆"
"86","
			
				[新聞] 【獨家】慶富又遭踢爆！獵雷艦採購設備
			
			"," 5/01","爆"
"87","
			
				Re: [爆卦] 陳興國文台南退場？
			
			"," 5/01","爆"
"88","
			
				[ＦＢ] 馮光遠:陳興國文的右肩問題
			
			"," 5/01","爆"
"89","
			
				[爆卦] 記者說堵到畜生了，但是長官不准記者發。
			
			"," 5/01","爆"
"90","
			
				[新聞] 小公司標得政府大標案 綠委質疑要追查
			
			"," 5/01","爆"
"91","
			
				[新聞] 國軍戰車光天化日開上大馬路！國防部長下
			
			"," 5/01","爆"
"92","
			
				[問卦] 籃球投進會喊剉克的人在想什麼？？
			
			"," 5/01","爆"
"93","
			
				[新聞] 為何被封「白賊義」?吳敦義:40年來太正直
			
			"," 5/01","爆"
"94","
			
				[新聞] 少年騎BWS載妹3貼不治　阿公氣極痛罵
			
			"," 5/01","爆"
"95","
			
				[爆卦] 議員蕭永達5/2開記者會揭狼師
			
			"," 5/01","爆"
"96","
			
				[新聞] 聯航誤將「世界第一巨兔」塞冰箱　16小時跨國屍體直送
			
			"," 5/01","爆"
"97","
			
				[ＦＢ] 蕭永達 狼師出來摃
			
			"," 5/01","爆"
"98","
			
				[問卦] 有沒有另外一位臺南老師的掛?
			
			"," 5/01","爆"
"99","
			
				[問卦] 誰是補習界的清流阿？
			
			"," 5/01","爆"
"100","
			
				[爆卦] 陳星 台大補習班 最新！
			
			"," 5/01","爆"
"101","
			
				Re: [爆卦] !!林奕含自殺事件與陳興老師的真相!!
			
			"," 5/02","爆"
"102","
			
				Re: [爆卦] !!林奕含自殺事件與陳興老師的真相!!
			
			"," 5/02","爆"
"103","
			
				Re: [問卦] 深夜發錢也會推爆嗎
			
			"," 5/02","爆"
"104","
			
				Re: [爆卦] !!林奕含自殺事件與陳興老師的真相!!
			
			"," 5/02","爆"
"105","
			
				Re: [爆卦] !!林奕含自殺事件與陳興老師的真相!!
			
			"," 5/02","爆"
"106","
			
				Re: [問卦] 補習文化 是不是台灣人的陋習？？
			
			"," 5/02","爆"
"107","
			
				[新聞] 怎處理假新聞？唐鳳要媒體自律　柯P諷：
			
			"," 5/02","爆"
"108","
			
				[新聞] 吃下政府3.1億標案！「補教誘姦疑雲」林
			
			"," 5/02","爆"
"109","
			
				[爆卦] 又有補教老師中槍啦
			
			"," 5/02","爆"
"110","
			
				[爆卦] 台南陳星國文疑似學歷登載不實
			
			"," 5/02","爆"
"111","
			
				[新聞] 客人罵全熟牛排帶血「當我白癡？」 店長
			
			"," 5/02","爆"
"112","
			
				Re: [問卦] S型分班是造成台灣教育失敗第一步？
			
			"," 5/02","爆"
"113","
			
				[新聞] 補教名師全面停課 補習班：他不知去向
			
			"," 5/02","爆"
"114","
			
				[新聞] 公開補教界狼師名!高市議員蕭永達:若有
			
			"," 5/02","爆"
"115","
			
				[新聞] 議員蕭永達公布狼師全名：有錯就退出政壇
			
			"," 5/02","爆"
"116","
			
				[ＦＢ] 林俊憲-辦公室同仁全員出動 徹查到底
			
			"," 5/02","爆"
"117","
			
				[新聞] 柯文哲：男生抽菸得肺癌「是罪有應得」
			
			"," 5/02","爆"
"118","
			
				[問卦] 議員爆料 有沒有全部都BI~~的八卦
			
			"," 5/02","爆"
"119","
			
				[新聞] 男生抽菸得肺癌 柯文哲：罪有應得、誰叫
			
			"," 5/02","爆"
"120","
			
				[爆卦] 《上報》公布蕭永達記者會狼師全名了！
			
			"," 5/02","爆"
"121","
			
				[新聞] 高雄議員蕭永達點名　狼師就是補教名師
			
			"," 5/02","爆"
"122","
			
				[ＦＢ] 有沒有林俊憲要爆料陳國星違法的掛?
			
			"," 5/02","爆"
"123","
			
				Re: [爆卦] !!林奕含自殺事件與陳興老師的真相!!
			
			"," 5/02","爆"
"124","
			
				[爆卦] 作家事件媒體噤聲的原因！
			
			"," 5/02","爆"
"125","
			
				[ＦＢ] 王定宇 （狼師事件）
			
			"," 5/02","爆"
"126","
			
				[ＦＢ] 林彥
			
			"," 5/02","爆"
"127","
			
				[ＦＢ] 邱毅:好端端的人不做，偏做汪汪狂吠的走狗
			
			"," 5/02","爆"
"128","
			
				[ＦＢ] 蕭永達
			
			"," 5/02","爆"
"129","
			
				[爆卦] 吳國棟說林奕含跟狼師住同一大樓
			
			"," 5/02","爆"
"130","
			
				[問卦] 剛剛看到的對某老師反指控
			
			"," 5/02","爆"
"131","
			
				[爆卦] 新竹東X醫院要資遣被病人辱罵的護理師
			
			"," 5/02","爆"
"132","
			
				[爆卦] 林彥老師請進
			
			"," 5/02","爆"
"133","
			
				[新聞] 女作家父親哽咽:忍9年就是希望女兒活下去
			
			"," 5/02","爆"
"134","
			
				[爆卦] Live三立新聞台新台灣加油 蕭永達爆料
			
			"," 5/02","爆"
"135","
			
				[ＦＢ] 雞排妹ili鄭家純回應新聞道德
			
			"," 5/02","爆"
"136","
			
				[問卦] 為什麼建中生冒名可以公布名字，狼師不行
			
			"," 5/02","爆"
"137","
			
				[爆卦] 國棟幫蕭永達築防火牆了
			
			"," 5/02","爆"
"138","
			
				Re: [ＦＢ] 蕭永達
			
			"," 5/02","爆"
"139","
			
				[爆卦] 林彥老師懶人包 麻煩高調不要讓老師受害了
			
			"," 5/02","爆"
"140","
			
				Fw: [爆卦] 林奕含小說中所提到的共犯—蔡良 
			
			"," 5/02","爆"
"141","
			
				[爆卦]  三立在台大文教前面準備衝刺啦！
			
			"," 5/02","爆"
"142","
			
				[新聞] 議員爆「一群狼」未曝光　補習班捍商譽
			
			"," 5/02","爆"
"143","
			
				[新聞] 才女作家父爆被封口 哽咽：還要保護活著
			
			"," 5/02","爆"
"144","
			
				Re: [問卦] 林奕含事件的意義
			
			"," 5/02","爆"
"145","
			
				[問卦] 如果沒有ptt…這件事就算了對嗎？
			
			"," 5/02","爆"
"146","
			
				Re: [爆卦] !!林奕含自殺事件與陳興老師的真相!!
			
			"," 5/02","爆"
"147","
			
				[問卦] 如果發現這次事件有官商勾結會上街嗎？
			
			"," 5/02","爆"
"148","
			
				[ＦＢ] X笛知道很多陳老師做不太好的事情
			
			"," 5/02","爆"
"149","
			
				[新聞] 被影射是狼師　數學L老師反擊告網友
			
			"," 5/02","爆"
"150","
			
				[新聞] 王定宇：待A女後事處理好　父親將替女兒
			
			"," 5/02","爆"
"151","
			
				[爆卦] 有沒有台大補習班負責人幫忙護航的八卦
			
			"," 5/02","爆"
"152","
			
				Re: [新聞] 「你叫全國人不要講」保護狼師？　姚立明
			
			"," 5/03","爆"
"153","
			
				Re: [爆卦] 有沒有台大補習班負責人幫忙護航的八卦
			
			"," 5/03","爆"
"154","
			
				[新聞] 狼師勢力太大！王定宇：想把風向洗成「是
			
			"," 5/03","爆"
"155","
			
				Re: [問卦] 林奕含事件的意義
			
			"," 5/03","爆"
"156","
			
				[問卦] 房思琪有九成五真實會有多可怕
			
			"," 5/03","爆"
"157","
			
				[問卦] 林奕含事件懶人包
			
			"," 5/03","爆"
"158","
			
				Re: [新聞] 「你叫全國人不要講」保護狼師？　姚立明
			
			"," 5/03","爆"
"159","
			
				Re: [問卦] 請問這有可能是林奕含的部落格嗎?
			
			"," 5/03","爆"
"160","
			
				[問卦] 有人難過到睡不著嗎？
			
			"," 5/03","爆"
"161","
			
				Re: [問卦] 請問這有可能是林奕含的部落格嗎?
			
			"," 5/03","爆"
"162","
			
				[問卦] 從小到大聽過最討厭的幹話
			
			"," 5/03","爆"
"163","
			
				[新聞] 「太陽花女戰神」賴品妤 捷運站遭襲被毆
			
			"," 5/03","爆"
"164","
			
				[問卦] 有沒有婦女團體這次都噤聲的八卦？
			
			"," 5/03","爆"
"165","
			
				[爆卦] 林俊憲立院記者會 臉書/網路電視直播
			
			"," 5/03","爆"
"166","
			
				[新聞] 童仲彥選嫩妹　邱惠美譙：我們也睡過
			
			"," 5/03","爆"
"167","
			
				[爆卦] 陳建仁副總統當選美國科學院院士
			
			"," 5/03","爆"
"168","
			
				[爆卦] 林俊憲立院記者會重點懶人包
			
			"," 5/03","爆"
"169","
			
				[爆卦] 【女作家之死】林俊憲：若不是你，快來告
			
			"," 5/03","爆"
"170","
			
				[ＦＢ] 林俊憲 - 陳國星 要面對的才正要開始
			
			"," 5/03","爆"
"171","
			
				[ＦＢ] 洪慈庸
			
			"," 5/03","爆"
"172","
			
				[新聞] 「Ｃ師語錄」大公開　還狂言：沒氣質女
			
			"," 5/03","爆"
"173","
			
				[爆卦] 林奕含事件討論總整理
			
			"," 5/03","爆"
"174","
			
				[新聞] 2機車擦撞安全帽噴飛 68歲女騎士身亡
			
			"," 5/03","爆"
"175","
			
				[問卦] 發錢  老實說,大家覺得這一年來好嗎？？？
			
			"," 5/03","爆"
"176","
			
				[新聞] 小孩哭鬧被餐廳「請出場」父母PO網抱怨
			
			"," 5/03","爆"
"177","
			
				[新聞] 女作家之死　林俊憲：狼師就是陳國星
			
			"," 5/03","爆"
"178","
			
				Re: [問卦] PTT搞實名制 八卦會乾淨點嗎??
			
			"," 5/03","爆"
"179","
			
				[新聞] 爆補教名師對她說「我要吃奶」 女學生公
			
			"," 5/03","爆"
"180","
			
				[新聞]補教界掀波瀾！又一名師遭公告暫停授課
			
			"," 5/03","爆"
"181","
			
				Re: [爆卦] 林奕含事件討論總整理
			
			"," 5/03","爆"
"182","
			
				Re: [新聞] 狼師文創公司屢贏政府標案 林俊憲：收買
			
			"," 5/03","爆"
"183","
			
				[新聞] 老警察當眾被罵...險落淚！　周杰倫被指
			
			"," 5/03","爆"
"184","
			
				[新聞] 洪慈庸提補教「實名制」　教育部：狼師跟
			
			"," 5/03","爆"
"185","
			
				[問卦] 為什麼不能講陳國星，卻可以講林彥
			
			"," 5/03","爆"
"186","
			
				[ＦＢ] 馮光遠:補教界不是會作秀嗎?怎麼這安靜
			
			"," 5/03","爆"
"187","
			
				Re: [問卦] 有沒有38歲整天上PTT嘴泡的八卦?
			
			"," 5/03","爆"
"188","
			
				[問卦] 只有我覺得媒體被遮住才是最恐怖的嗎?
			
			"," 5/03","爆"
"189","
			
				[新聞] 報導林奕含案符合社會公益　北市觀傳局
			
			"," 5/03","爆"
"190","
			
				Re: [問卦] 批踢踢 跟 真實世界 的連結度？
			
			"," 5/03","爆"
"191","
			
				[ＦＢ]林俊憲 衛福部口口聲聲說保護被害人
			
			"," 5/03","爆"
"192","
			
				[爆卦] Live三立新聞台新台灣加油 林奕含之死
			
			"," 5/03","爆"
"193","
			
				[新聞] 網友揭露林奕含案已查證事實 北市社會局
			
			"," 5/03","爆"
"194","
			
				[爆卦] 高雄女中也有學生受害?
			
			"," 5/03","爆"
"195","
			
				[問卦] 陳興女兒會被退婚嗎???
			
			"," 5/03","爆"
"196","
			
				[爆卦] 謝如玉跟韓豐年有無利益關係？
			
			"," 5/03","爆"
"197","
			
				[新聞] 補教師嗆洪慈庸：搞不清狀況！藝人也應推
			
			"," 5/03","爆"
"198","
			
				Re: [爆卦] 謝如玉跟韓豐年有無利益關係？
			
			"," 5/03","爆"
"199","
			
				Re: [問卦] 和謝如玉是好友的""廣告""教授?
			
			"," 5/03","爆"
"200","
			
				[新聞] 遭控誘姦林奕含　陳星：「人都死了多說無益」
			
			"," 5/04","爆"
"201","
			
				Fw: [討論] 林奕含房思琪的初戀樂園新書發表會逐字稿
			
			"," 5/04","爆"
"202","
			
				Re: [爆卦] 日創社連立法院標案都拿到
			
			"," 5/04","爆"
"203","
			
				Re: [爆卦] X心補習班不倫 請幫轉ptt八卦(代PO)
			
			"," 5/04","爆"
"204","
			
				[問卦] 林奕含案與過去PTT鄉民鍵盤辦案的不同
			
			"," 5/04","爆"
"205","
			
				[爆卦] 某台南英文老師
			
			"," 5/04","爆"
"206","
			
				[爆卦] 日創社近八年的政府決標標案分布
			
			"," 5/04","爆"
"207","
			
				Re: [問卦] 智商140以上是什麼世界
			
			"," 5/04","爆"
"208","
			
				[爆卦] 東森小編：你知道的太多了！
			
			"," 5/04","爆"
"209","
			
				[新聞] 陳星碩士學歷造假　中山大：沒上過課被
			
			"," 5/04","爆"
"210","
			
				[新聞] 左轉突然改右轉！女大生意外撞死68歲老婦…吃上過失致死罪
			
			"," 5/04","爆"
"211","
			
				Re: [爆卦] 陳星是聯合報董事！？
			
			"," 5/04","爆"
"212","
			
				[新聞] 立委推補教師實名制 呂捷酸：最好附上身
			
			"," 5/04","爆"
"213","
			
				Re: [爆卦] 日創社連立法院標案都拿到
			
			"," 5/04","爆"
"214","
			
				[ＦＢ] 林俊憲 - 補教實名制 提案連署火速完成
			
			"," 5/04","爆"
"215","
			
				[ＦＢ] 李來希:看到吳敦義動起來了 我就放心了
			
			"," 5/04","爆"
"216","
			
				Re: [問卦] 政論節目都直接講狼師「陳國星」了耶？
			
			"," 5/04","爆"
"217","
			
				Re: [新聞] 慘遭殺蟲劑滅蜂 養蜂人心淌血
			
			"," 5/04","爆"
"218","
			
				[爆卦] 要吉啦
			
			"," 5/04","爆"
"219","
			
				[ＦＢ] 吳志忠(吳笛)
			
			"," 5/04","爆"
"220","
			
				[新聞] 被國民黨驅逐的台灣之光：第一位奧運奪牌
			
			"," 5/04","爆"
"221","
			
				[爆卦] Sharp營收擺脫赤字了
			
			"," 5/04","爆"
"222","
			
				[問卦] 陳星親家相關FB都關帳了
			
			"," 5/04","爆"
"223","
			
				[問卦] 高中沒補過習的人舉手?
			
			"," 5/04","爆"
"224","
			
				[ＦＢ] Komica 粉絲團:K島關閉了
			
			"," 5/04","爆"
"225","
			
				[爆卦] 日創社贊助台藝大（韓豐年出乃玩）
			
			"," 5/04","爆"
"226","
			
				[爆卦] Live三立新聞台新台灣加油 林奕含之死
			
			"," 5/04","爆"
"227","
			
				[新聞] 遭控「一群狼」　同心物理教師擬提告
			
			"," 5/04","爆"
"228","
			
				[爆卦] 寶傑爆氣了
			
			"," 5/04","爆"
"229","
			
				[爆卦] 蕭永達議員是不是瘋了??
			
			"," 5/04","爆"
"230","
			
				Re: [問卦] 房思琪的初戀樂園
			
			"," 5/04","爆"
"231","
			
				[爆卦] 利用權勢性交與強制性交罪根本補習班日常
			
			"," 5/04","爆"
"232","
			
				Re: [新聞] 找不到林奕含父母！台南檢警：偵辦不易
			
			"," 5/04","爆"
"233","
			
				[問卦] 衛福部比鄉民還早知道狼師是誰？
			
			"," 5/04","爆"
"234","
			
				[新聞] 秘書當洩慾工具 工運界爆疑集體性侵
			
			"," 5/04","爆"
"235","
			
				[新聞] 補教狼師可怕 老師:「合意性交」無法管
			
			"," 5/04","爆"
"236","
			
				[新聞] 狼師專挑漂亮雄女學生？ 蕭永達爆：至少2
			
			"," 5/05","爆"
"237","
			
				Re: [問卦] 有沒有陳國星(陳興)公司的八卦?
			
			"," 5/05","爆"
"238","
			
				Re: [問卦] 有沒有瑪雅地震的八卦?????
			
			"," 5/05","爆"
"239","
			
				[ＦＢ] 踢爆肉品商，爽賣黑心肉，檢舉遭敷衍！
			
			"," 5/05","爆"
"240","
			
				[問卦]誘姦案之官場現形記
			
			"," 5/05","爆"
"241","
			
				Re: [問卦]請集中到最新po 房思琪的初戀樂園
			
			"," 5/05","爆"
"242","
			
				[新聞] 白目遊客不顧警告　遭科摩多龍咬爛腿
			
			"," 5/05","爆"
"243","
			
				[ＦＢ] 林俊憲:關於禁止報導的超高效率
			
			"," 5/05","爆"
"244","
			
				[新聞] 長榮旅客被丟錯日本飯店　遇長榮台籍空姐
			
			"," 5/05","爆"
"245","
			
				Re: [問卦] 為什麼科摩多龍嘴巴能那麼髒？
			
			"," 5/05","爆"
"246","
			
				Re: [新聞] 「根本不可能包庇！」衛福部喊冤：文
			
			"," 5/05","爆"
"247","
			
				[爆卦] 徐曉冬被7名太極弟子圍堵
			
			"," 5/05","爆"
"248","
			
				[爆卦] 開吉拉！！
			
			"," 5/05","爆"
"249","
			
				[新聞] 不滿被影射 補習教師今正式提告
			
			"," 5/05","爆"
"250","
			
				[新聞] 開吉了！這位老師宣戰「誹謗我的 不用逃
			
			"," 5/05","爆"
"251","
			
				[新聞] 挺柱！ 邱毅宣布：決定浮出水面替洪秀柱
			
			"," 5/05","爆"
"252","
			
				[爆卦] 最新曝光的林奕含生前訪談
			
			"," 5/05","爆"
"253","
			
				[FB] 請集中於最新 po Re: [問卦] 房思琪的初戀樂園
			
			"," 5/05","爆"
"254","
			
				Re: [問卦] 林奕含是不是在寫新書時就打算自殺？
			
			"," 5/05","爆"
"255","
			
				[問卦] 上站滿六千次稱的上元老級鄉民嗎？
			
			"," 5/05","爆"
"256","
			
				[祭品文]衛福部的垃圾不清清嗎？
			
			"," 5/05","爆"
"257","
			
				[爆卦] 老闆生氣了！！！！！！！！
			
			"," 5/05","爆"
"258","
			
				[爆卦] 林奕含的全國數學科展第一名作品
			
			"," 5/05","爆"
"259","
			
				[爆卦] 幹顏寬Ｘ惡人先告狀還要裝高尚
			
			"," 5/05","爆"
"260","
			
				Re: [問卦] 智商140以上是什麼世界
			
			"," 5/05","爆"
"261","
			
				[新聞] 郭台銘選總統民調勝 柯文哲：投票那天
			
			"," 5/05","爆"
"262","
			
				[新聞] 女作家輕生案 葉毓蘭：狼師才是罪魁禍首
			
			"," 5/05","爆"
"263","
			
				Re: [爆卦] 【遊行】〈不要再有下一個房思琪〉悼念林
			
			"," 5/05","爆"
"264","
			
				[新聞] 腦幹中風　從鼠蹊放管直達頭內抽出血塊
			
			"," 5/05","爆"
"265","
			
				Re: [爆卦] 最新曝光的林奕含生前訪談
			
			"," 5/06","爆"
"266","
			
				[爆卦] 女作家父母新聲明
			
			"," 5/06","爆"
"267","
			
				Re: [問卦] 有沒有陳國星(陳興)公司的八卦?
			
			"," 5/06","爆"
"268","
			
				[新聞] 林奕含雙親第三度發聲明　驚爆還有3人遭
			
			"," 5/06","爆"
"269","
			
				Re: [爆卦] 女作家父母新聲明
			
			"," 5/06","爆"
"270","
			
				Re: [問卦] 自殺作家事件風向轉變的八卦？
			
			"," 5/06","爆"
"271","
			
				Re: [爆卦] 某台南英文老師
			
			"," 5/06","爆"
"272","
			
				[新聞] 遠航20位空姐集體請假 臨時取消哈爾濱航
			
			"," 5/06","爆"
"273","
			
				[爆卦] 林彥好像真的被盜了
			
			"," 5/06","爆"
"274","
			
				[爆卦] 男生被右肩能怎麼辦?
			
			"," 5/06","爆"
"275","
			
				[新聞] 三立《消失的國界》記者車禍 網友集氣度
			
			"," 5/06","爆"
"276","
			
				[新聞]「不要再有下一個房思琪」513悼念林奕含與反性侵反特權大遊行
			
			"," 5/06","爆"
"277","
			
				[新聞] 比利時來的天使方秀仁 一輩子嫁給台灣
			
			"," 5/06","爆"
"278","
			
				[ＦＢ] 蕭永達 5/9 10點 公佈名師姓名(雄女儀隊)
			
			"," 5/06","爆"
"279","
			
				[新聞] 徐曉冬直播淚崩　「去趟台灣就成特務了」
			
			"," 5/06","爆"
"280","
			
				[新聞] 螢火蟲現蹤台北市！柯文哲成功打臉李富
			
			"," 5/06","爆"
"281","
			
				[新聞] 男大生對著她不斷「搖晃」...林奕含圖書
			
			"," 5/06","爆"
"282","
			
				[新聞] 蔡總統改稱大陸為「中國」 引發陸港媒體關注
			
			"," 5/06","爆"
"283","
			
				[新聞] 林俊憲:社會支持林父才願揭另有3女受害
			
			"," 5/06","爆"
"284","
			
				[爆卦] 書商出版社工讀生.....
			
			"," 5/06","爆"
"285","
			
				[新聞] 勇揭貪瀆！檢舉人被冰3年 田志文：還我公
			
			"," 5/06","爆"
"286","
			
				Re: [新聞] 【獨家】陳星遭全民追殺　劉毅力挺：他是
			
			"," 5/06","爆"
"287","
			
				Re: [新聞] 【獨家】陳星遭全民追殺　劉毅力挺：他是
			
			"," 5/06","爆"
"288","
			
				Re: [閒聊] 插入-吉了狼師會怎樣案例分享
			
			"," 5/06","爆"
"289","
			
				[問卦] 玖壹壹會紅 是不是代表台灣很多白癡？
			
			"," 5/06","爆"
"290","
			
				[新聞] 棄世錦賽改打世大運 戴資穎:身為台灣人
			
			"," 5/06","爆"
"291","
			
				Re: [問卦] 有沒有陳國星(陳興)公司的八卦?
			
			"," 5/06","爆"
"292","
			
				[爆卦] 吳敦義是癡女最愛！魯蛇進來學！
			
			"," 5/07","爆"
"293","
			
				[新聞] 成立協會和日創社同地址　政大教授：已遷
			
			"," 5/07","爆"
"294","
			
				[問卦] 台南啟聰學生被性侵事件的後續?
			
			"," 5/07","爆"
"295","
			
				[問卦] 這次案件牽扯到太多人了！！！！！！
			
			"," 5/07","爆"
"296","
			
				Re: [問卦] 《房思琪》中的藏頭文
			
			"," 5/07","爆"
"297","
			
				Re: [問卦] 台南啟聰學生被性侵事件的後續?
			
			"," 5/07","爆"
"298","
			
				[新聞] 還有三個房思琪？員警翻書辦案
			
			"," 5/07","爆"
"299","
			
				[新聞] 年輕人應追求興趣非名利 柯：先吃飽比較
			
			"," 5/07","爆"
"300","
			
				Re: [爆卦] 強國人對林奕含事件的看法
			
			"," 5/07","爆"
"301","
			
				Re: [問卦] 余光中為什麼打壓鄉土文學
			
			"," 5/07","爆"
"302","
			
				[新聞] 太極拳練到最高境界！她只是一揮手就把10
			
			"," 5/07","爆"
"303","
			
				[新聞] 童仲彥宣戰劉毅！明早10點要衝補習班調查
			
			"," 5/07","爆"
"304","
			
				Re: [閒聊] 插入-吉了狼師會怎樣案例分享
			
			"," 5/07","爆"
"305","
			
				Re: [問卦] 我是台灣人，也是中國人，邏輯上錯了嗎?
			
			"," 5/07","爆"
"306","
			
				[新聞] 陳國星公司被爆放款 林俊憲再嗆：我會追
			
			"," 5/07","爆"
"307","
			
				[爆卦] 新崛江 開槍
			
			"," 5/07","爆"
"308","
			
				[新聞] 美國夫婦在印度買荒地 花25年改造成森林
			
			"," 5/07","爆"
"309","
			
				[問卦] 123酷播是被谷阿莫給波及到嗎 有八卦嗎?
			
			"," 5/07","爆"
"310","
			
				Re: [爆卦] 某台南英文老師
			
			"," 5/07","爆"
"311","
			
				Re: [新聞] 高雄新崛江傳槍響　警抓賊當街開4槍
			
			"," 5/07","爆"
"312","
			
				〔尋人〕(已解決)急！尋人啟示，拜託幫高調
			
			"," 5/07","爆"
"313","
			
				[ＦＢ] 立法委員 黃國昌　《公益揭弊保護法》
			
			"," 5/07","爆"
"314","
			
				[新聞] 役男持槍失控遭辦抗命　同袍證實他長期遭
			
			"," 5/07","爆"
"315","
			
				Re: [新聞] 狼師案又有新進展   蔡秀鳳告網友
			
			"," 5/08","爆"
"316","
			
				Re: [問卦] 林奕含事件懶人包-人物關係圖
			
			"," 5/08","爆"
"317","
			
				Re: [爆卦] 我是陳星的學生
			
			"," 5/08","爆"
"318","
			
				Re: [爆卦] 我是陳星的學生
			
			"," 5/08","爆"
"319","
			
				Re: [爆卦] 我是陳星的學生
			
			"," 5/08","爆"
"320","
			
				Re: [問卦] 有沒有陳國星(陳興)公司的八卦?
			
			"," 5/08","爆"
"321","
			
				[新聞] 【獨家】師生戀刺胸案　家屬控男師說謊
			
			"," 5/08","爆"
"322","
			
				[問卦] 第一次出國選哪個國家的八卦？
			
			"," 5/08","爆"
"323","
			
				Re: [問卦] 台灣人到底要容忍9.2%叛國賊到什麼時候
			
			"," 5/08","爆"
"324","
			
				[新聞] 挺好友陳星　劉毅遭起底性騷陳子璇8年「
			
			"," 5/08","爆"
"325","
			
				[新聞] 格鬥狂人變武林公敵　公安消防突「踢館」
			
			"," 5/08","爆"
"326","
			
				[新聞] 親下場體驗館長「威力」　記者：我領22k
			
			"," 5/08","爆"
"327","
			
				[爆卦] 各縣市平均薪資排名
			
			"," 5/08","爆"
"328","
			
				[新聞] 劉毅再挺陳星:他跟馬英九一樣正直 絕非狼
			
			"," 5/08","爆"
"329","
			
				[新聞] 熱血記者對打館長後..哲瑋全身痠痛、手
			
			"," 5/08","爆"
"330","
			
				[爆卦] 老闆被切歌了！！！！！！！
			
			"," 5/08","爆"
"331","
			
				[新聞] 12年捐千萬物資！匿名婦人從不接受表揚　
			
			"," 5/08","爆"
"332","
			
				[ＦＢ] 吳翰陞 (吳千田) 正式提告
			
			"," 5/08","爆"
"333","
			
				[問卦] 我是台灣人，不是中國人，這邏輯有錯嗎?
			
			"," 5/08","爆"
"334","
			
				[新聞] 大陸網軍酸文攻擊蔡英文推特　府：歡迎
			
			"," 5/08","爆"
"335","
			
				[新聞] 槓葉問外甥詠春打木樁 館長:不如去打安妮
			
			"," 5/08","爆"
"336","
			
				[問卦] 有沒有酷播123不死的八卦啊
			
			"," 5/08","爆"
"337","
			
				[新聞] 劉毅英文稽查出爐　遭疑超收、師資名冊不
			
			"," 5/08","爆"
"338","
			
				[新聞] 踢館後續 劉毅本名劉曉山 童仲彥:不要笑
			
			"," 5/08","爆"
"339","
			
				[問卦] 國小做過最殘忍的事
			
			"," 5/08","爆"
"340","
			
				Re: [問卦] 18、22、26歲，大家怎選？
			
			"," 5/08","爆"
"341","
			
				[爆卦] 聯合重工配合KMT議員造謠 假造總統府邀請
			
			"," 5/08","爆"
"342","
			
				[爆卦] 竊賊遭勒死 判屋主賠賊父母64萬餘元
			
			"," 5/08","爆"
"343","
			
				[新聞] 陸客不來!台北觀光吸金仍超越滬港 學者也
			
			"," 5/08","爆"
"344","
			
				[問卦] 家人帶回一隻小黑狗怎麼辦？
			
			"," 5/08","爆"
"345","
			
				[爆卦] 國民黨升級城堡時代?!?!
			
			"," 5/08","爆"
"346","
			
				[新聞] 從澎湖騎回彰化？男子騎水上摩托車求助
			
			"," 5/08","爆"
"347","
			
				[新聞] 付100元就可以親親又抱抱…女團登場服裝
			
			"," 5/08","爆"
"348","
			
				[新聞] FBI帥哥鄧佳華喇舌的國中妹 原來是這樣
			
			"," 5/08","爆"
"349","
			
				[問卦] 有沒有謝師宴一個人要5000元的八卦?
			
			"," 5/08","爆"
"350","
			
				[新聞] 提油救火！狂言力挺陳星　郭冠英：「沒抓
			
			"," 5/08","爆"
"351","
			
				[問卦] 韓國人想拍<<房思琪的初戀樂園>>電影
			
			"," 5/08","爆"
"352","
			
				[新聞] 保護孕妻勒死竊賊 勇夫今判賠64萬元
			
			"," 5/08","爆"
"353","
			
				[新聞]「陳星做的是好事」郭冠英：性侵沒抓到就
			
			"," 5/08","爆"
"354","
			
				Re: [閒聊] 插入-吉了狼師會怎樣案例分享
			
			"," 5/08","爆"
"355","
			
				Re: [新聞]「陳星做的是好事」郭冠英：性侵沒抓到就
			
			"," 5/09","爆"
"356","
			
				Re: [問卦] 尹天仇算誘姦柳飄飄嗎？
			
			"," 5/09","爆"
"357","
			
				[爆卦]20170508新台灣加油 姚立明逐字稿
			
			"," 5/09","爆"
"358","
			
				[新聞] 英媒：中國羞辱穆斯林的手法千奇百怪
			
			"," 5/09","爆"
"359","
			
				[新聞] 開幕不到半年！文創夜市驚傳收攤
			
			"," 5/09","爆"
"360","
			
				[ＦＢ] 連勝文FB
			
			"," 5/09","爆"
"361","
			
				[新聞] 大巨蛋審不過怪市府　柯Ｐ：難道我要當
			
			"," 5/09","爆"
"362","
			
				[新聞] 玩出火！鄧佳華恐觸法　下跪道歉請求原諒
			
			"," 5/09","爆"
"363","
			
				[新聞] 遭館長酸賽亞人　台太極宗師回嗆：他不懂
			
			"," 5/09","爆"
"364","
			
				[問卦] 大家最不滿意台灣的什麼?
			
			"," 5/09","爆"
"365","
			
				[新聞] 賽後比割喉手勢 國手李柏諺勝判敗
			
			"," 5/09","爆"
"366","
			
				[問卦] 下週領養這隻小橘 叫什麼好!?
			
			"," 5/09","爆"
"367","
			
				[ＦＢ] 柯文哲 同梯弟兄爆料啦！
			
			"," 5/09","爆"
"368","
			
				[新聞] 藍呼籲回到92共識 府：跟中國講法一致
			
			"," 5/09","爆"
"369","
			
				Re: [問卦] 多益考140以上是什麼世界?
			
			"," 5/09","爆"
"370","
			
				[問卦] 剛新聞說 陳星說他跟林交往2個月
			
			"," 5/09","爆"
"371","
			
				[新聞] 柯P被爆料「戒嚴時和營長對幹」 網友直呼
			
			"," 5/09","爆"
"372","
			
				[ＦＢ] 林俊憲 - 絕對不會放過陳國星！
			
			"," 5/09","爆"
"373","
			
				Re: [爆卦] Live三立新聞台新台灣加油 林奕含之死
			
			"," 5/09","爆"
"374","
			
				Re: [爆卦] !!林奕含自殺事件與陳興老師的真相!!
			
			"," 5/09","爆"
"375","
			
				Re: [新聞] 神隱10幾天…陳星首發聲明「與林奕含交
			
			"," 5/09","爆"
"376","
			
				[爆卦]【晚會】513〈不要再有下一個房思琪〉晚會
			
			"," 5/09","爆"
"377","
			
				[爆卦] 自我反省範例&中華民國式匿名檢舉
			
			"," 5/09","爆"
"378","
			
				[新聞] 碎片插眼球 同學拿墊板打臉 小六生恐失明
			
			"," 5/09","爆"
"379","
			
				Re: [新聞]快訊／陳星出現了！　崩潰發聲明「與
			
			"," 5/09","爆"
"380","
			
				Re: [爆卦] 陳揮文：支持補教名師陳星等告翻PTT屁孩!
			
			"," 5/09","爆"
"381","
			
				[爆卦] 5/9三立新台灣加油完整版 郭冠英名言集
			
			"," 5/10","爆"
"382","
			
				[問卦] 如果老師掉水裡，用你系上專業能怎麼救他
			
			"," 5/10","爆"
"383","
			
				[問卦] 陳星現在人在哪裡？
			
			"," 5/10","爆"
"384","
			
				[ＦＢ] 陳信聰：政府某重要部會公關來電放話
			
			"," 5/10","爆"
"385","
			
				[ＦＢ] 陳星聲明稿翻譯版：我忍很久了
			
			"," 5/10","爆"
"386","
			
				[新聞] 「台灣第一」擊敗64國！　奪全球2016年
			
			"," 5/10","爆"
"387","
			
				[問卦] 女生外表長得很像林奕含 算超級正妹嗎？
			
			"," 5/10","爆"
"388","
			
				[爆卦] 陳星當大家是智障?
			
			"," 5/10","爆"
"389","
			
				[問卦] 陳星被起訴+一審有罪的機率(發p幣)?
			
			"," 5/10","爆"
"390","
			
				[爆卦] 立委正在質詢補習班免稅議題
			
			"," 5/10","爆"
"391","
			
				[爆卦] 2017年4月愛滋病通報數
			
			"," 5/10","爆"
"392","
			
				Re: [新聞] 8800億前瞻 郝批：中南部軌道建設無意義
			
			"," 5/10","爆"
"393","
			
				[新聞] 很會減！ 柯文哲上任2年半減債390億
			
			"," 5/10","爆"
"394","
			
				[新聞] 真的在山裡！遭白凜誘拐少女找到了　她竟
			
			"," 5/10","爆"
"395","
			
				[問卦] 芹 韭 蔥 香菜 誰最討人厭？
			
			"," 5/10","爆"
"396","
			
				[新聞] 美婦家中烤布朗尼　窗外有東西盯著她瞧
			
			"," 5/10","爆"
"397","
			
				[新聞] 討論容積代金 柯P失言：誘姦比強暴還要貴
			
			"," 5/10","爆"
"398","
			
				[爆卦] 做了一個跟顏寬琣傢鰝犒
			
			"," 5/10","爆"
"399","
			
				[ＦＢ] 彭文正-開吉了
			
			"," 5/10","爆"
"400","
			
				[新聞] 爆打伯伯遭肉搜！20人夜襲砸車　「啃老
			
			"," 5/10","爆"
"401","
			
				[爆卦] 【亞泥案懶人包】 土地轉移大法好∼
			
			"," 5/10","爆"
"402","
			
				[爆卦] 北部狼師 受害者不只一人
			
			"," 5/11","爆"
"403","
			
				[問卦] 陳星的聲明稿 就改變了風向?
			
			"," 5/11","爆"
"404","
			
				[ＦＢ] 律師觀點：佳文賞析「陳星聲明稿」
			
			"," 5/11","爆"
"405","
			
				[新聞] 沒裝門浪費電？好市多特殊設計 幫消費者
			
			"," 5/11","爆"
"406","
			
				[新聞] 寧願聞5年法國人的屎,也不願後半輩子吃中
			
			"," 5/11","爆"
"407","
			
				[問卦] 是否有Rh陰性A型血的朋友可幫忙捐血
			
			"," 5/11","爆"
"408","
			
				[新聞] 陪陳星訊問「神祕雙律師」也神隱！拒曝光
			
			"," 5/11","爆"
"409","
			
				[轉錄]最壞的中國人在台灣 
			
			"," 5/11","爆"
"410","
			
				[新聞] 林奕含輕生案陷膠著 南檢:林女父母是還原真相的拼圖
			
			"," 5/11","爆"
"411","
			
				[問卦] 白凜張詠芸壞在哪？　
			
			"," 5/11","爆"
"412","
			
				[新聞] 離譜！盧映潔製造假證據曝光　恐失博士
			
			"," 5/11","爆"
"413","
			
				[ＦＢ] 林俊憲-補教法第九條修正動議
			
			"," 5/11","爆"
"414","
			
				[新聞] 8歲癱女失語前最後一句「媽媽你會不會永
			
			"," 5/11","爆"
"415","
			
				[ＦＢ] 蕭永達 開打了
			
			"," 5/11","爆"
"416","
			
				[新聞] 慎！拆老屋驚現乾貓屍　死狀恐怖至少30年
			
			"," 5/11","爆"
"417","
			
				Re: [新聞] 柯Ｐ又失言　婦團批 女人的性可以喊價嗎
			
			"," 5/11","爆"
"418","
			
				[新聞]【有片】陳星學生再爆料　「不合照、行事低調、
			
			"," 5/11","爆"
"419","
			
				[新聞] 隔天中午若未現身…白凜要少女照顧好自己
			
			"," 5/11","爆"
"420","
			
				[新聞] 黃國昌：好好思考留在國會有何意義？
			
			"," 5/11","爆"
"421","
			
				[新聞] 林俊憲引述林奕含部落格日記 駁陳星「胡
			
			"," 5/12","爆"
"422","
			
				Re: [新聞] 寧願聞5年法國人的屎,也不願後半輩子吃中
			
			"," 5/12","爆"
"423","
			
				Re: [新聞] 林俊憲引述林奕含部落格日記 駁陳星「胡
			
			"," 5/12","爆"
"424","
			
				[爆掛]美國海關收走我的筆電&手機三天....
			
			"," 5/12","爆"
"425","
			
				[新聞] 王景玉殺害小燈泡案 一審上午10時宣判
			
			"," 5/12","爆"
"426","
			
				[問卦] 擁核的人，核廢料放你家好不好？
			
			"," 5/12","爆"
"427","
			
				[爆卦] 日創即將起死回生！？
			
			"," 5/12","爆"
"428","
			
				[新聞] 咬死農場上百雞?!  柴犬遭斷腿
			
			"," 5/12","爆"
"429","
			
				[新聞] 第一槍！ 北市補習班實名制今起上路
			
			"," 5/12","爆"
"430","
			
				[新聞]減債390億不滿足 柯文哲:覺得還沒到極限！
			
			"," 5/12","爆"
"431","
			
				Re: [新聞] 第一槍！ 北市補習班實名制今起上路
			
			"," 5/12","爆"
"432","
			
				[新聞] 林奕含告別式　名醫父親不捨愛女痛哭
			
			"," 5/12","爆"
"433","
			
				[新聞] 女遇色狼求救 3路人裝沒看見女慘遭性侵
			
			"," 5/12","爆"
"434","
			
				[新聞] 北市交通違規罰款28億 柯文哲：檢舉暴增
			
			"," 5/12","爆"
"435","
			
				[新聞] 防補教狼師　桃園市要求補習班揭露真名
			
			"," 5/12","爆"
"436","
			
				[新聞] 北市宣布：補教師實名制上路
			
			"," 5/12","爆"
"437","
			
				[爆卦] 護理界的房思琪們？ 致林奕含
			
			"," 5/12","爆"
"438","
			
				[新聞] WHO終於開口：不會發給台灣邀請函
			
			"," 5/12","爆"
"439","
			
				[ＦＢ] 柯文哲
			
			"," 5/12","爆"
"440","
			
				[新聞] 沒有「劉毅」補習班 北市要求撤廣告招牌
			
			"," 5/12","爆"
"441","
			
				[新聞] 夜半棄嬰逆轉！撿到23歲女大生自己生的…
			
			"," 5/12","爆"
"442","
			
				Re: [新聞] 林奕含告別式　名醫父親不捨愛女痛哭
			
			"," 5/12","爆"
"443","
			
				[新聞] 黑心胡椒鹽無罪　竟與頂新「同審判長」
			
			"," 5/12","爆"
"444","
			
				[新聞] 高二暑假被侵犯 林俊憲:林奕含曾想告陳
			
			"," 5/13","爆"
"445","
			
				[新聞] 敢喊「我是中國人」才可選藍黨揆  邱毅：
			
			"," 5/13","爆"
"446","
			
				[問卦] 國文 歷史 地理 公民 誰是高中最廢科目
			
			"," 5/13","爆"
"447","
			
				[問卦] 老闆要我轉達各個工讀生
			
			"," 5/13","爆"
"448","
			
				[問卦] 這螃蟹能吃嗎？
			
			"," 5/13","爆"
"449","
			
				[爆卦] 林炳煌醫生最新聲明
			
			"," 5/13","爆"
"450","
			
				[問卦] 日本有哪些歌手/團體的歌好聽的？
			
			"," 5/13","爆"
"451","
			
				[問卦] 林奕含事件是不是八卦版史風向最亂的一次
			
			"," 5/13","爆"
"452","
			
				[新聞] 謝祖武怒了！聽王景玉免死「地院有得思覺
			
			"," 5/13","爆"
"453","
			
				[新聞] 林奕含夫：遇見她是我做好幾輩子好事
			
			"," 5/13","爆"
"454","
			
				Re: [問卦] 林奕含事件是不是八卦版史風向最亂的一次
			
			"," 5/13","爆"
"455","
			
				[新聞] 學生牽機車驚見　成大教授墜樓身亡
			
			"," 5/13","爆"
"456","
			
				[新聞] 遊日遇女學生癲癇發作　中國護理師跪地搶
			
			"," 5/14","爆"
"457","
			
				Re: [問卦] 有沒有林奕含老公才是需要被關懷的人?
			
			"," 5/14","爆"
"458","
			
				[爆卦] 吃母親節大餐遇到阿扁怎麼辦
			
			"," 5/14","爆"
"459","
			
				[問卦] 大家第一支智慧型手機
			
			"," 5/14","爆"
"460","
			
				[新聞] 少女帶利劍校園趴趴走 控訴白人特權霸凌
			
			"," 5/14","爆"
"461","
			
				Re: [問卦] 有沒有林奕含老公才是需要被關懷的人?
			
			"," 5/14","爆"
"462","
			
				Re: [問卦] 林奕含事件是不是八卦版史風向最亂的一次
			
			"," 5/14","爆"
"463","
			
				[問卦] HTC真的有那麼爛嗎?
			
			"," 5/14","爆"
"464","
			
				[爆卦] 這裡  也有房思琪...
			
			"," 5/14","爆"
"465","
			
				Re: [問卦] 沒人的時候會裸體在家嗎
			
			"," 5/15","爆"
"466","
			
				[新聞] 獨家》豬哥亮病逝 享壽70歲
			
			"," 5/15","爆"
"467","
			
				[問卦] 有沒有人對豬哥亮過世無感？
			
			"," 5/15","爆"
"468","
			
				[新聞] 公司遭收購 漫威教父打造中國英雄
			
			"," 5/15","爆"
"469","
			
				[問卦] 中(陸)生以為自己是蝸牛
			
			"," 5/15","爆"
"470","
			
				[爆卦] 不去宿營的系邊也要交2000元    
			
			"," 5/15","爆"
"471","
			
				[問卦] 用過什麼ＧＡＭＥ密技會被發現有年紀?
			
			"," 5/15","爆"
"472","
			
				[新聞] 美FBI介入查獵雷艦案　慶富再爆3億元流向
			
			"," 5/15","爆"
"473","
			
				[新聞] 勒索病毒WannaCry肆虐 財政部:報稅系統安
			
			"," 5/15","爆"
"474","
			
				[新聞] 酸民嫌「廢話多」　館長發飆：後面演講
			
			"," 5/15","爆"
"475","
			
				[新聞] 被貓咪用額頭頂撞 專家：想納你為群體
			
			"," 5/15","爆"
"476","
			
				[新聞] 普丁會殺虎.開坦克.彈鋼琴　陸網友：我
			
			"," 5/15","爆"
"477","
			
				[問卦] 多少錢會讓你在北車大喊炎殺黑龍波
			
			"," 5/15","爆"
"478","
			
				[爆卦] 快取寶負責人給放款金主的信
			
			"," 5/15","爆"
"479","
			
				[問卦] 下一個消失的傳統店面會是?
			
			"," 5/15","爆"
"480","
			
				[新聞] 為牽制中國 日本將與義德簽防衛協定
			
			"," 5/15","爆"
"481","
			
				Re: [爆卦] 不去宿營的系邊也要交2000元    
			
			"," 5/15","爆"
"482","
			
				[新聞] 勒索病毒難擋 他酸台灣中了「ChinaGgyy」
			
			"," 5/15","爆"
"483","
			
				[爆卦] 林奕含的專訪
			
			"," 5/15","爆"
"484","
			
				Re: [新聞] 男中鏢寄信求情客服　勒索病毒道歉「高
			
			"," 5/15","爆"
"485","
			
				[爆卦] 新北市某國立大學系費勒索合理化
			
			"," 5/15","爆"
"486","
			
				[新聞] 挺過拒買風波 味全今年開始賺錢了！
			
			"," 5/15","爆"
"487","
			
				[新聞] 討公道 林奕含父母委律師 本周向檢方報到
			
			"," 5/16","爆"
"488","
			
				[爆卦] 地震??
			
			"," 5/16","爆"
"489","
			
				[新聞] 2度到店看生乳捲！獅子會長：我沒訂啊…
			
			"," 5/16","爆"
"490","
			
				[爆卦] 大安森林公園鳳頭蒼鷹繁殖監控A__A
			
			"," 5/16","爆"
"491","
			
				[新聞] 林奕含雙親討公道 委請律師將赴南檢說明
			
			"," 5/16","爆"
"492","
			
				[新聞] 熬夜圍觀跳樓15小時　大媽：這個沒法像演
			
			"," 5/16","爆"
"493","
			
				[新聞] 提案陸委會由外交委員會監督 林昶佐：中
			
			"," 5/16","爆"
"494","
			
				Re: [新聞] 金管會示警 年輕人不買股是重大危機
			
			"," 5/16","爆"
"495","
			
				[新聞] 小英就職週年黃國昌：推動政策都是半調子
			
			"," 5/16","爆"
"496","
			
				Re: [問卦] 把女板女孩嚇跑的男孩們會後悔嗎
			
			"," 5/16","爆"
"497","
			
				[新聞] 柯P臉書稱「陸生」網友轟虛假：正名「
			
			"," 5/16","爆"
"498","
			
				[新聞] 3歲童著色運用光影深淺 網友：這成人組吧
			
			"," 5/16","爆"
"499","
			
				[新聞] 模仿耶穌水上行走！牧師慘遭鱷魚分食
			
			"," 5/16","爆"
"500","
			
				Re: [新聞] 討公道 林奕含父母委律師 本周向檢方報到
			
			"," 5/16","爆"
"501","
			
				[問卦] 領多少錢願意和兩小孩一起生活
			
			"," 5/16","爆"
"502","
			
				[新聞] 她分享阿扁「惡行惡狀」35條　網友心酸酸
			
			"," 5/16","爆"
"503","
			
				Re: [爆卦] 林奕含的專訪 - 逐字稿
			
			"," 5/16","爆"
"504","
			
				[問卦] 實體書派的人多嗎？
			
			"," 5/16","爆"
"505","
			
				[新聞] 年輕人為何不買股？ 黃國昌：都快吃土了
			
			"," 5/16","爆"
"506","
			
				Re: [問卦] 不覺得林奕含是由愛生恨嗎?
			
			"," 5/16","爆"
"507","
			
				[新聞] 「八卦掌」老拳師踢館泰拳　2分鐘認輸顏
			
			"," 5/17","爆"
"508","
			
				[問卦] 發現土耳其高中女生身材超棒怎摸半
			
			"," 5/17","爆"
"509","
			
				Re: [問卦] 統媒的「一帶一路」恐慌症？
			
			"," 5/17","爆"
"510","
			
				[新聞] 遲到了…疑趕上學！　媽載兩女兒「前後沒
			
			"," 5/17","爆"
"511","
			
				[新聞] 網傳長榮航空新制服 空姐暴怒：不如裸體
			
			"," 5/17","爆"
"512","
			
				[新聞] 國民黨主席改選 洪秀柱嗆：我是中國人!!
			
			"," 5/17","爆"
"513","
			
				[爆卦] 各縣市所得中位數
			
			"," 5/17","爆"
"514","
			
				[新聞] 坦尚尼亞逃婚婦求生 女扮男裝10年採礦致
			
			"," 5/17","爆"
"515","
			
				[新聞] 反串？最挺洪秀柱的政黨  時力：全力挺柱
			
			"," 5/17","爆"
"516","
			
				[ＦＢ] 蕭永達-最惡質狼師-英文名師吳翰陞
			
			"," 5/17","爆"
"517","
			
				[新聞] 酒駕自撞護欄　22歲騎士當場慘死
			
			"," 5/17","爆"
"518","
			
				[問卦] 大家開車極速的紀錄是多快？
			
			"," 5/17","爆"
"519","
			
				[新聞] 桃竹竹苗政見會 洪秀柱:國民黨下台 台灣
			
			"," 5/17","爆"
"520","
			
				[問卦] 女僕裝
			
			"," 5/17","爆"
"521","
			
				[新聞] 林奕含事件發酵！遭網友爆料性侵 補習班
			
			"," 5/17","爆"
"522","
			
				Re: [問卦] 學生時代認識的男友這麼不值錢嗎?
			
			"," 5/17","爆"
"523","
			
				[新聞] 不再禮讓柯P？綠委：民進黨在台北市有勝
			
			"," 5/17","爆"
"524","
			
				[問卦] 陳國星的女兒 ""陳穎"" 將來如何立足社會?
			
			"," 5/17","爆"
"525","
			
				[新聞] 傳林奕含雙親備妥醫師證明　反擊陳星說謊
			
			"," 5/17","爆"
"526","
			
				[問卦] 韓實況主：Taiwan No.1 引扮日中國人露餡
			
			"," 5/17","爆"
"527","
			
				[新聞] 高中哪科最廢？網友一面倒答「國文」...理由很中肯！ 
			
			"," 5/18","爆"
"528","
			
				[新聞] 日本女僕店「核彈級行銷」　網友：好想去
			
			"," 5/18","爆"
"529","
			
				[新聞] 絕無合意性行為！傳林奕含父母備妥「這
			
			"," 5/18","爆"
"530","
			
				[新聞] 發現變種！勒索病毒「想哭」進化成
			
			"," 5/18","爆"
"531","
			
				[爆卦] 日本最新判決：工作時睡覺算入勞動時間
			
			"," 5/18","爆"
"532","
			
				[問卦] 早上過世的堂哥，電腦中了勒索病毒
			
			"," 5/18","爆"
"533","
			
				[新聞] 可樂館標台灣「國」中官媒崩潰 網友批譁眾取寵
			
			"," 5/18","爆"
"534","
			
				[新聞]欲開死亡證明給中山橋 柯P:是希特勒就把它
			
			"," 5/18","爆"
"535","
			
				[新聞] 飲料店旁砍頭！兄狠心殺妹 警方正和凶嫌
			
			"," 5/18","爆"
"536","
			
				[新聞] 「蝦味先」竟用過期原料　遭搜索查扣2千
			
			"," 5/18","爆"
"537","
			
				[新聞] 高二就被陳星逼口交！　林奕含父備看診
			
			"," 5/18","爆"
"538","
			
				[新聞] Google 宣布 Android Pay 6月登台！推出
			
			"," 5/18","爆"
"539","
			
				[新聞] 立委問國防部政績　馮世寬：一年來都沒
			
			"," 5/18","爆"
"540","
			
				[問卦] 受歧視的聽障生(?)PO出對話記錄了
			
			"," 5/18","爆"
"541","
			
				[問卦] 有無斷頭案無理女記者的八卦啊???
			
			"," 5/18","爆"
"542","
			
				[新聞] 高師大個資外洩　意外揭露男學生兩度性侵
			
			"," 5/18","爆"
"543","
			
				[爆卦] 高調！中國時報記者業配爆料秘辛公開。
			
			"," 5/18","爆"
"544","
			
				[爆卦] 中國時報　請停止踐踏媒體尊嚴 (完整全文)
			
			"," 5/18","爆"
"545","
			
				[新聞] 日本女僕店「乳量爆炸」　網友大推：她，
			
			"," 5/18","爆"
"546","
			
				[ＦＢ] 柯文哲 - 北市倡議酒駕「同車共責」修法
			
			"," 5/18","爆"
"547","
			
				Re: [新聞] 中越發佈聯合公報　越南承諾不與台灣發展
			
			"," 5/18","爆"
"548","
			
				[新聞] 邱毅：洪秀柱就是民進黨最怕的對手
			
			"," 5/18","爆"
"549","
			
				[新聞]【當街斷頭】精障妹遭斷頭 鄰居：她是頭
			
			"," 5/18","爆"
"550","
			
				[ＦＢ] 『小鎮資訊』：記者對話引起公憤
			
			"," 5/18","爆"
"551","
			
				[新聞]連鎖飲品店不能說的秘密 你喝的是奶還是油
			
			"," 5/18","爆"
"552","
			
				[新聞] 通姦罪大變革 不能單獨對配偶撤告
			
			"," 5/18","爆"
"553","
			
				[爆卦] 林奕含事件&公務人員$$特權的八卦
			
			"," 5/18","爆"
"554","
			
				[新聞] 過期肉檢舉人確定領840萬　可望再加碼400
			
			"," 5/18","爆"
"555","
			
				Re: [問卦] 住在日本的缺點？ 有哪些方面遠不如台灣
			
			"," 5/19","爆"
"556","
			
				[新聞] 印女遭輪姦肢解餵狗　母泣：生女兒是罪惡
			
			"," 5/19","爆"
"557","
			
				[新聞] 樂透！檢舉蝦味先的人　可拿1.2億獎金
			
			"," 5/19","爆"
"558","
			
				[ＦＢ] <消失的國界>記者康復中 救護人員受表揚
			
			"," 5/19","爆"
"559","
			
				[新聞] 餵新生嬰植物替代奶致死　 茹素父母恐判
			
			"," 5/19","爆"
"560","
			
				[新聞] 停車位吵5年…賓士哥怒「釘牆」反制　他
			
			"," 5/19","爆"
"561","
			
				Re: [問卦] 住在日本的缺點？ 有哪些方面遠不如台灣
			
			"," 5/19","爆"
"562","
			
				[ＦＢ] 林靜儀:應管理久居海外者的健保使用
			
			"," 5/19","爆"
"563","
			
				[新聞] KMT/邱毅：洪秀柱就是民進黨最怕的對手!!
			
			"," 5/19","爆"
"564","
			
				Re: [新聞] 吃火鍋竟喝湯 台灣人習慣的三件事讓陸生
			
			"," 5/19","爆"
"565","
			
				Re: [新聞] 1.2億獎金飛了！檢舉蝦味先要求「匿名」
			
			"," 5/19","爆"
"566","
			
				[ＦＢ] 柯文哲 活動式游泳池 國立體育大學
			
			"," 5/19","爆"
"567","
			
				[新聞] 何時才復刊？《獵人》連載沒消息
			
			"," 5/19","爆"
"568","
			
				[爆卦] 2度與小六女上床狼師回來了 家長請小心!
			
			"," 5/19","爆"
"569","
			
				[新聞] 學劍道就為復仇 男子雨夜到古厝殺2人判
			
			"," 5/19","爆"
"570","
			
				[爆卦] 某大賣場破解 味全隱藏術
			
			"," 5/19","爆"
"571","
			
				[問卦] 風化區設你家附近願意嗎？
			
			"," 5/19","爆"
"572","
			
				[問卦]玩過最好玩的橫向卷軸遊戲？
			
			"," 5/19","爆"
"573","
			
				[新聞] 英研究：無神論者更聰明 因為克服「宗教
			
			"," 5/19","爆"
"574","
			
				[爆卦] PCHOME有賣毒品吸食器？
			
			"," 5/19","爆"
"575","
			
				[爆卦] 柯P目光短淺，未留下長遠建設？
			
			"," 5/19","爆"
"576","
			
				[新聞] 陳水扁影片致詞 質問蔡英文「讓我講話政
			
			"," 5/19","爆"
"577","
			
				Re: [新聞] 絕無合意性行為！傳林奕含父母備妥「
			
			"," 5/19","爆"
"578","
			
				[新聞] 熊讚造訪國訓中心
			
			"," 5/19","爆"
"579","
			
				[爆卦] 新北台中高雄債務失控暴增百億
			
			"," 5/19","爆"
"580","
			
				[問卦] 梁靜茹有哪些好聽的冷門歌阿？
			
			"," 5/20","爆"
"581","
			
				[問卦] 哪些公式是過了十年沒用卻還記得的？
			
			"," 5/20","爆"
"582","
			
				[爆卦] 國民黨
			
			"," 5/20","爆"
"583","
			
				[新聞] 恐怖 戲曲王子 5度飛踢學生
			
			"," 5/20","爆"
"584","
			
				[問卦] 這樣的女生好找嗎
			
			"," 5/20","爆"
"585","
			
				Re: [新聞] 獨／陳星再出招！備林奕含手寫情歌　證明
			
			"," 5/20","爆"
"586","
			
				[新聞] 「喜歡吃大香腸錯了嗎」館長中肯解析CCR
			
			"," 5/20","爆"
"587","
			
				[新聞] 王曉波：蔡執政一年主要工作是消滅國民黨
			
			"," 5/20","爆"
"588","
			
				[爆卦] 作票被抓包
			
			"," 5/20","爆"
"589","
			
				[爆卦] 吳敦義拿下6成選票幾乎篤定當選
			
			"," 5/20","爆"
"590","
			
				[問卦] 從小到大聽過最假掰的一句話?
			
			"," 5/20","爆"
"591","
			
				[新聞] 誤開逃生門！男子一踏出即「懸崖」當場亡
			
			"," 5/20","爆"
"592","
			
				[問掛]新北不名條狀物體
			
			"," 5/20","爆"
"593","
			
				[爆卦] 大量柱粉崩潰!!
			
			"," 5/20","爆"
"594","
			
				[新聞] 郝龍斌票數落後 晚間記者會宣布取消
			
			"," 5/20","爆"
"595","
			
				[爆卦] 洪秀柱支持者爆發退黨潮
			
			"," 5/20","爆"
"596","
			
				[新聞] 【有片】吳敦義當選黨主席　誓言2020年
			
			"," 5/20","爆"
"597","
			
				Re: [新聞] 獨／陳星再出招！備林奕含手寫情歌　證明
			
			"," 5/20","爆"
"598","
			
				[爆卦][滅頂戰報]頂新味全2017Q1轉虧為盈=輸了?
			
			"," 5/20","爆"
"599","
			
				[新聞] 老師請假7年 新校長沒見過
			
			"," 5/21","爆"
"600","
			
				[問卦] 考完基測那天大家都在幹嘛?
			
			"," 5/21","爆"
"601","
			
				[新聞] 酒後騎改裝大B 男自撞護欄亡
			
			"," 5/21","爆"
"602","
			
				[問卦] 勇士是最髒的球隊嗎
			
			"," 5/21","爆"
"603","
			
				[問卦] 黑嘉嘉胸部有E???
			
			"," 5/21","爆"
"604","
			
				[ＦＢ] 黃國昌　為何不選擇閉上眼睛、交個朋友？
			
			"," 5/21","爆"
"605","
			
				Re: [新聞] 核電兩機組救援 台電：7月供電決戰點
			
			"," 5/21","爆"
"606","
			
				Re: [新聞] 核電兩機組救援 台電：7月供電決戰點
			
			"," 5/21","爆"
"607","
			
				[爆卦] 郭文貴下波將爆料藍綠兩黨被中共收買人士
			
			"," 5/21","爆"
"608","
			
				[爆卦] 中共釋放郭文貴的妻女去美國了 
			
			"," 5/21","爆"
"609","
			
				Re: [問卦] 馮迪索來幫遊戲拍廣告ㄇ? 
			
			"," 5/21","爆"
"610","
			
				[新聞] WHO年花60億環遊世界　沒錢對付疾病
			
			"," 5/22","爆"
"611","
			
				Re: [問卦] 上線收到新信時該捏好蛋蛋嗎?
			
			"," 5/22","爆"
"612","
			
				[新聞] 超正越南女友逼婚　逃逸外勞棄35K投案
			
			"," 5/22","爆"
"613","
			
				[新聞] 留學生畢業演講談中美空氣與自由 引熱議
			
			"," 5/22","爆"
"614","
			
				[爆卦] 柯P管管你的街頭藝人考試，快淪為耍猴戲
			
			"," 5/22","爆"
"615","
			
				Re: [新聞] 21位綠委連署修一例一休， 「工時帳戶」
			
			"," 5/22","爆"
"616","
			
				[新聞] 驚!姊妹花控父精液塗唇 愛在段考前亂摸
			
			"," 5/22","爆"
"617","
			
				[新聞] 顧人怨 檢舉達人為國庫賺四千三百多萬
			
			"," 5/22","爆"
"618","
			
				[爆卦] 民進黨立委提案 減少加班費 調高加班時數
			
			"," 5/22","爆"
"619","
			
				[問卦] 表弟第一台山豬，買哪一個比較好？
			
			"," 5/22","爆"
"620","
			
				Re: [爆卦] 民進黨立委提案 減少加班費 調高加班時數
			
			"," 5/22","爆"
"621","
			
				[新聞]「哪跌倒就從哪站起」連勝文預言再戰2018
			
			"," 5/22","爆"
"622","
			
				[爆卦] 某甲甲輸不起，鼓動腦粉惡意抵制無辜店家
			
			"," 5/22","爆"
"623","
			
				Re: [爆卦] 某甲甲輸不起，鼓動腦粉惡意抵制無辜店家
			
			"," 5/22","爆"
"624","
			
				[ＦＢ] 柯文哲 海綿城市
			
			"," 5/22","爆"
"625","
			
				[新聞] 評審刁難街頭藝人　老外目睹大怒：太侮辱
			
			"," 5/22","爆"
"626","
			
				[新聞] 諷中國沒民主空氣糟　留美女學生道歉
			
			"," 5/23","爆"
"627","
			
				Re: [問卦] 表弟第一台山豬，買哪一個比較好？
			
			"," 5/23","爆"
"628","
			
				[新聞] 議員失言「改車白天都在吸毒」引發上千
			
			"," 5/23","爆"
"629","
			
				Re: [問卦] 榧木棋盤可以換透天厝?真的假的?
			
			"," 5/23","爆"
"630","
			
				[新聞] 「美國空氣是甜的」大陸留美女學生道歉
			
			"," 5/23","爆"
"631","
			
				Re: [爆卦] 某甲甲輸不起，鼓動腦粉惡意抵制無辜店家
			
			"," 5/23","爆"
"632","
			
				Re: [爆卦] 民進黨立委提案 減少加班費 調高加班時數
			
			"," 5/23","爆"
"633","
			
				[新聞] 遭吳念真指控盜用照片　全聯緊急會議中
			
			"," 5/23","爆"
"634","
			
				[新聞] 一家6口5殘障 高職生：我家人很可愛！
			
			"," 5/23","爆"
"635","
			
				[新聞] 亞協正名「台日關係協會」謝長廷：從曖昧
			
			"," 5/23","爆"
"636","
			
				[新聞] 柯市府設豪華路名牌900萬預算暴增到1.3億
			
			"," 5/23","爆"
"637","
			
				Re: [問卦] 所以八卦風向現在是仇甲嗎？
			
			"," 5/23","爆"
"638","
			
				[爆卦] 阿法狗又贏啦!
			
			"," 5/23","爆"
"639","
			
				Re: [爆卦] 某甲甲輸不起，鼓動腦粉惡意抵制無辜店家
			
			"," 5/23","爆"
"640","
			
				Re: [新聞] 停工北藝中心破損嚴重恐成「錢坑」
			
			"," 5/23","爆"
"641","
			
				[新聞] 中國禁AlphaGo直播 強國人崩潰：看個圍棋做賊似的
			
			"," 5/23","爆"
"642","
			
				[新聞] 19歲棋王正在對決AlphaGo！柯潔：我看不
			
			"," 5/23","爆"
"643","
			
				[爆卦] 全聯拚業績,強逼員工買肉粽
			
			"," 5/23","爆"
"644","
			
				Re: [新聞] 《嘉義實在講》國民黨壺內風暴欲噴
			
			"," 5/23","爆"
"645","
			
				[問卦] 如果各位是補習班老師 會想取什麼藝名?
			
			"," 5/23","爆"
"646","
			
				[新聞] 一例一休修惡？ 民進黨名單整理(幫高調
			
			"," 5/23","爆"
"647","
			
				[問卦] 小時候覺得很難吃 長大還是難吃的東西？
			
			"," 5/23","爆"
"648","
			
				[爆卦] 味全出檸檬飲料嘍
			
			"," 5/23","爆"
"649","
			
				[問卦] 在半夜八卦版願意給重考生一點溫暖嗎？
			
			"," 5/24","爆"
"650","
			
				[新聞] 柯P被爆向妻求援2千萬  被嗆乾脆離婚！
			
			"," 5/24","爆"
"651","
			
				[新聞] 柯討2千萬補燈會透支　陳佩琪怒嗆「離婚
			
			"," 5/24","爆"
"652","
			
				[新聞] 衰！吳宗憲支持納稅中國網友揚言「封殺」
			
			"," 5/24","爆"
"653","
			
				[新聞] 驚呆了 擊敗柯潔的AlphaGo是單機版
			
			"," 5/24","爆"
"654","
			
				[新聞] 稱讚美國空氣好又怎樣？中國官媒：可能叛
			
			"," 5/24","爆"
"655","
			
				[新聞] 林育<U+7FA3>揮別「處男」　傳與日籍男友熱戀中
			
			"," 5/24","爆"
"656","
			
				Re: [問卦] 陳★陣營是不是完全逆轉勝了?
			
			"," 5/24","爆"
"657","
			
				[新聞] 聖文森再駁：說台灣是中國一部分太可笑
			
			"," 5/24","爆"
"658","
			
				[爆卦] 釋字748
			
			"," 5/24","爆"
"659","
			
				[新聞] 人權一大步！大法官：法律未保障同婚違憲
			
			"," 5/24","爆"
"660","
			
				[新聞] 【亞洲第一】大法官宣告民法違憲　應以法
			
			"," 5/24","爆"
"661","
			
				[ＦＢ] 林俊憲-已先斷陳國星每年約一千萬收入
			
			"," 5/24","爆"
"662","
			
				Re: [爆卦] 司法院大法官釋字第748解釋 同婚
			
			"," 5/24","爆"
"663","
			
				[ＦＢ]釋憲無效!!  撤換大法官!!
			
			"," 5/24","爆"
"664","
			
				[新聞] 反同人士激動落淚　高喊「蔡英文下台」
			
			"," 5/24","爆"
"665","
			
				[ＦＢ] 柯文哲
			
			"," 5/24","爆"
"666","
			
				[爆卦] 白海豚主席又轉彎了
			
			"," 5/24","爆"
"667","
			
				Re: [問卦] 馬雅文化跟巧克力(可可)有什麼八卦嗎？
			
			"," 5/24","爆"
"668","
			
				[新聞] 【激動片】 反同人士罵「這是什麼鬼社會
			
			"," 5/24","爆"
"669","
			
				[新聞] 吳敦義曾對同婚毛骨悚然 釋憲完看到幸福
			
			"," 5/24","爆"
"670","
			
				[新聞] 侵犯吳念真肖像權？ 全聯：廠商同意
			
			"," 5/24","爆"
"671","
			
				[新聞] 飯店談判 傳陳星妻子逼林奕含下跪認錯
			
			"," 5/24","爆"
"672","
			
				[爆卦] 地震
			
			"," 5/24","爆"
"673","
			
				[新聞] 祁家威：沒有平常心，沒辦法度過這30年
			
			"," 5/24","爆"
"674","
			
				[新聞] 台<U+6E7E> 同性婚認<U+3081><U+306A><U+3044>民法<U+306E>規定<U+306F>憲法違反
			
			"," 5/24","爆"
"675","
			
				[爆卦] 地震
			
			"," 5/24","爆"
"676","
			
				[新聞] 同婚議題轉彎？　吳敦義周五親上火線說明
			
			"," 5/24","爆"
"677","
			
				Re: [新聞] 聖文森再駁：說台灣是中國一部分太可笑
			
			"," 5/24","爆"
"678","
			
				[爆卦] 林岱樺 蔡易餘也提了增加加班54小時版本
			
			"," 5/24","爆"
"679","
			
				[新聞] 反同母親：同志能結婚，台灣即將亡國！
			
			"," 5/24","爆"
"680","
			
				Re: [新聞] 台<U+6E7E> 同性婚認<U+3081><U+306A><U+3044>民法<U+306E>規定<U+306F>憲法違反
			
			"," 5/25","爆"
"681","
			
				[新聞] 同婚釋憲吃敗仗 反同團體明正式宣布發動
			
			"," 5/25","爆"
"682","
			
				[問卦] 公司老人崩潰=_=
			
			"," 5/25","爆"
"683","
			
				[新聞] 警破「假援交」集團 上百竹科工程師成肥
			
			"," 5/25","爆"
"684","
			
				[問卦] 我就是覺得甲噁心不行嗎？
			
			"," 5/25","爆"
"685","
			
				Re: [問卦] 你們反甲的原因是什麼？
			
			"," 5/25","爆"
"686","
			
				[新聞] WHA突破! 台邀美英法等7大國開多邊會議
			
			"," 5/25","爆"
"687","
			
				Re: [問卦] 甲甲想領養小孩被小孩拒絕會崩潰嗎
			
			"," 5/25","爆"
"688","
			
				[新聞] 中鋼股東會紀念品發放大亂 工讀生集體辭
			
			"," 5/25","爆"
"689","
			
				[問卦] 甲甲領養的小孩被霸凌的機會""較高""嗎?
			
			"," 5/25","爆"
"690","
			
				[ＦＢ] 不禮貌鄉民團- 民視守住了！台灣守住了！
			
			"," 5/25","爆"
"691","
			
				[新聞] 回嗆專員王寶萱 梁文傑：我就是垃圾！
			
			"," 5/25","爆"
"692","
			
				[新聞] 林淑芬批勞基修法「柿子挑軟的吃」 網：
			
			"," 5/25","爆"
"693","
			
				[新聞] 85歲的趙修女的夢想　拿到「台灣身分證」
			
			"," 5/25","爆"
"694","
			
				Re: [ＦＢ] 劉宇FB #我也就放心惹
			
			"," 5/25","爆"
"695","
			
				[爆卦] 2014年的 ooutputt(小杯) 就是林奕含本人
			
			"," 5/25","爆"
"696","
			
				[爆卦] 謝和弦微博開始戰中國人了
			
			"," 5/25","爆"
"697","
			
				[問卦] 房思琪的初戀樂園 讀書心得
			
			"," 5/25","爆"
"698","
			
				Re: [問卦] 愛酸柯潔的人是什麼心態?
			
			"," 5/25","爆"
"699","
			
				Re: [新聞] 一客最貴6千元！高雄鐵板燒名店把鴨肝當
			
			"," 5/26","爆"
"700","
			
				Re: [爆卦] 2014年的 ooutputt(小杯) 就是林奕含本人
			
			"," 5/26","爆"
"701","
			
				Re: [爆卦] 2014年的 ooutputt(小杯) 就是林奕含本人
			
			"," 5/26","爆"
"702","
			
				Re: [問卦] 跟已婚有小孩的人交往是什麼感覺
			
			"," 5/26","爆"
"703","
			
				[新聞]世大運宣傳片太神 網友瘋傳：不輸東京奧運
			
			"," 5/26","爆"
"704","
			
				[問卦] 支那人是不是智障
			
			"," 5/26","爆"
"705","
			
				[新聞] 吳敦義表同婚立場：嚴格講不算轉彎
			
			"," 5/26","爆"
"706","
			
				[新聞] 吳敦義「毛骨悚然」聲明稿 記者會前突改
			
			"," 5/26","爆"
"707","
			
				Re: [新聞] 醫療沙漠？ 花蓮河東地區8千人竟無1間診
			
			"," 5/26","爆"
"708","
			
				[新聞] 防狼師　立院三讀通過補教師實名制
			
			"," 5/26","爆"
"709","
			
				[新聞] 女幕僚暗諷議員垃圾 柯P:年輕人發言比較
			
			"," 5/26","爆"
"710","
			
				[新聞] 非法來台打工月賺2萬 越童:有吃有玩 想
			
			"," 5/26","爆"
"711","
			
				[新聞] 「別滑手機」！影院拍肩挨告性騷 男獲不1
			
			"," 5/26","爆"
"712","
			
				[問卦] 近幾年來的炒房 是否快到接最後一手了?
			
			"," 5/26","爆"
"713","
			
				[新聞] 一張照片看東區已死　台北成鬼街
			
			"," 5/26","爆"
"714","
			
				[新聞] 林奕含曾發表「不自殺聲明」反被酸民檢討
			
			"," 5/26","爆"
"715","
			
				[ＦＢ] 林淑芬-民進黨準備偷渡低薪白領外勞法案
			
			"," 5/26","爆"
"716","
			
				[問卦] ZARD逝世十週年
			
			"," 5/26","爆"
"717","
			
				Re: [爆卦] 世大運廣告抄襲東京奧運廣告的概念
			
			"," 5/26","爆"
"718","
			
				[爆卦] 獵人重開
			
			"," 5/26","爆"
"719","
			
				Re: [問卦] 被遊俠海怎麼辦
			
			"," 5/27","爆"
"720","
			
				[新聞] 老婆跟人跑　企鵝愛上動漫女主角
			
			"," 5/27","爆"
"721","
			
				[問卦] 林奕含事件超長懶人包
			
			"," 5/27","爆"
"722","
			
				Re: [問卦] 甲甲是不是很容易彼此看對眼阿？
			
			"," 5/27","爆"
"723","
			
				[新聞] 民進黨偷渡低薪白領外勞法案？林淑芬籲
			
			"," 5/27","爆"
"724","
			
				[問卦] 哪部漫畫完全不拖戲 也沒有爛尾??
			
			"," 5/27","爆"
"725","
			
				[新聞] 搶你飯碗？「白領外勞法案」下周審查　林
			
			"," 5/27","爆"
"726","
			
				[新聞] 日本街頭警匪追逐 網友傻眼：在慢跑嗎？
			
			"," 5/27","爆"
"727","
			
				[新聞] 中國遊客實拍　「台灣和柬埔寨很像」
			
			"," 5/27","爆"
"728","
			
				[問卦] 不要再說甲甲是HIV高帶原族群了？
			
			"," 5/27","爆"
"729","
			
				Re: [問卦] 陳星工讀生是不是成功帶風向惹
			
			"," 5/27","爆"
"730","
			
				Re: [問卦] 教主的下一個目標會是什麼？
			
			"," 5/27","爆"
"731","
			
				[爆卦] 台灣魔術師在美國達人秀獲全場起立鼓掌
			
			"," 5/27","爆"
"732","
			
				[問卦] 家裡跑來一隻雞怎麼辦？
			
			"," 5/27","爆"
"733","
			
				Re: [新聞] AlphaGo不敗神話　馬雲：一直贏沒意思
			
			"," 5/27","爆"
"734","
			
				Re: [問卦] if中南美洲產馬 馬雅人有可能建立帝國嗎?
			
			"," 5/27","爆"
"735","
			
				[爆卦] 民進黨關於外籍低薪白領的小內幕
			
			"," 5/27","爆"
"736","
			
				[新聞] 英演唱會炸死22人 主嫌竟拿學貸、福利金
			
			"," 5/28","爆"
"737","
			
				[新聞] 人妻偷歡小21歲役男 出庭掀底嫌他雞雞小
			
			"," 5/28","爆"
"738","
			
				[新聞] 資源回收撿到1支哀鳳 清潔老婦母子涉侵占
			
			"," 5/28","爆"
"739","
			
				[爆卦] 台灣媒體假新聞裸女超商影印奶慘燙傷
			
			"," 5/28","爆"
"740","
			
				[爆卦] 中國廣電總局規定藝人不能染頭髮
			
			"," 5/28","爆"
"741","
			
				[ＦＢ] 林淑芬  假孩子都有了，假學生不會有嗎？
			
			"," 5/28","爆"
"742","
			
				[新聞] 《論語》多2篇！失傳1800年《齊論》將釋
			
			"," 5/28","爆"
"743","
			
				[爆卦] 哭什麼記者的後續 (壹電視倫理委員會)
			
			"," 5/28","爆"
"744","
			
				[新聞] 北韓媒體把台灣、中國分開寫 強國網友崩
			
			"," 5/28","爆"
"745","
			
				[新聞]謝和弦「台灣幸福不用翻牆 」再嗆陸網友！
			
			"," 5/28","爆"
"746","
			
				[新聞] 獨家》砍完八田與一像 李承龍再砸毀石<U+72DB>
			
			"," 5/28","爆"
"747","
			
				[新聞] 男開槍自轟沒死　子彈穿頭射死女友
			
			"," 5/29","爆"
"748","
			
				Re: [問卦] 4X選上表示ptt風向根本是個笑話?
			
			"," 5/29","爆"
"749","
			
				[新聞]瞎!世大運影片中的游泳選手遭爆竟是籃球員
			
			"," 5/29","爆"
"750","
			
				[新聞] 17歲少年房內自轟　「說什麼你也不懂」
			
			"," 5/29","爆"
"751","
			
				[新聞] 石<U+72DB>犬遭統派破壞 柯P:最討厭沒事找事做
			
			"," 5/29","爆"
"752","
			
				Re: [問卦] 有沒有土耳其烤肉的八卦？
			
			"," 5/29","爆"
"753","
			
				Re: [爆卦] 林昶佐與WHA
			
			"," 5/29","爆"
"754","
			
				[新聞] 小行星撞地球!？ 霍金：2032年世界末日
			
			"," 5/29","爆"
"755","
			
				Re: [問卦] 林奕含是不是退燒了啊
			
			"," 5/30","爆"
"756","
			
				[問卦] 有沒有鴨鴨卡卡上wootalk的八卦？
			
			"," 5/30","爆"
"757","
			
				Re: [問卦] 林奕含和陳國星是誰什麼關系？
			
			"," 5/30","爆"
"758","
			
				[新聞] 夜市麵包賣5元利潤夠嗎？　網友揭背後真
			
			"," 5/30","爆"
"759","
			
				Re: [問卦] 愛因斯坦的奇蹟年有多奇蹟？
			
			"," 5/30","爆"
"760","
			
				[新聞] 嚮往軍旅 宜蘭子弟如願錄取美國西點軍校
			
			"," 5/30","爆"
"761","
			
				[新聞] 便利商店不再24小時？一成店家開始休連假
			
			"," 5/30","爆"
"762","
			
				[新聞] 「死是台灣魂」謝和弦秀台灣刺青 微博
			
			"," 5/30","爆"
"763","
			
				[問卦] 張學良當初為什麼不直接殺了蔣中正
			
			"," 5/30","爆"
"764","
			
				[新聞] 大葉工設系「友善垃圾桶」　入圍德國紅點
			
			"," 5/30","爆"
"765","
			
				[新聞] 最佛心老闆！　僱用82歲老員工還包接送上
			
			"," 5/30","爆"
"766","
			
				[問卦] 粽子裡面加什麼料 最讓人無法接受
			
			"," 5/30","爆"
"767","
			
				[新聞] 只活1天！上海共享雨傘500把　上路全消失
			
			"," 5/30","爆"
"768","
			
				[爆卦] VAGO告我妨害名譽?!
			
			"," 5/30","爆"
"769","
			
				Re: [爆卦] 放中資炒房下修白領 台灣人代代為奴!
			
			"," 5/30","爆"
"770","
			
				[新聞] 台積電去年離職率4.1%創史上新低！
			
			"," 5/30","爆"
"771","
			
				Re: [新聞] 反制AMD！英特爾宣佈Core i9提前上陣
			
			"," 5/30","爆"
"772","
			
				[爆卦] 謝淑薇贏了
			
			"," 5/30","爆"
"773","
			
				[新聞] 清朝最後一位狀元的字跡堪比印刷
			
			"," 5/30","爆"
"774","
			
				[新聞] 老兵趙衍慶再戰北市長　挑戰柯文哲
			
			"," 5/30","爆"
"775","
			
				[新聞] 女網友床戰180公分高帥水電工　爽完回家
			
			"," 5/30","爆"
"776","
			
				[新聞] 中國癌症患者逃避診費 日本不堪重負
			
			"," 5/30","爆"
"777","
			
				[爆卦] 開放中資來台買房的真相
			
			"," 5/30","爆"
"778","
			
				[問卦] 每晚這個時候總覺得活得不開心怎麼辦？
			
			"," 5/31","爆"
"779","
			
				[爆卦] 中國大使館前即將舉行抗議WHA排除台灣
			
			"," 5/31","爆"
"780","
			
				[新聞] 收賄近百萬議員介入重劃案 新北地政副
			
			"," 5/31","爆"
"781","
			
				[問卦] 比核能更便宜乾淨穩定的替代方案是甚麼?
			
			"," 5/31","爆"
"782","
			
				[新聞] CCR悲歌！遇洋男短短6週就訂婚　懷孕後竟人間蒸發
			
			"," 5/31","爆"
"783","
			
				Re: [新聞] CCR悲歌！遇洋男短短6週就訂婚　懷孕後竟人間蒸發
			
			"," 5/31","爆"
"784","
			
				[新聞]棉被沒摺好 班長推倒內務櫃砸傷士兵遭訴
			
			"," 5/31","爆"
"785","
			
				[問卦] 鄉民最希望哪個AV女優復出?
			
			"," 5/31","爆"
"786","
			
				[新聞] 「傑瑞叔叔」丁松筠神父今早病逝享壽75歲
			
			"," 5/31","爆"
"787","
			
				[新聞] 拿身分證前夕過世 丁松筠:謝謝台灣當我是
			
			"," 5/31","爆"
"788","
			
				Re: [新聞] 超明顯！豬哥亮三七回來看女兒 穿西裝「4
			
			"," 5/31","爆"
"789","
			
				[問卦] 該回家嗎？
			
			"," 5/31","爆"
"790","
			
				[爆卦] 彰化議員糾眾打人還在議會炫耀?!?
			
			"," 5/31","爆"
"791","
			
				[問卦] 心目中最正的av女優
			
			"," 5/31","爆"
"792","
			
				Re: [問卦] 有沒有UNIQLO把台灣人當盤子的八卦
			
			"," 5/31","爆"
"793","
			
				Re: [新聞] 朱立倫：雙北軌道建設絕不該受忽視
			
			"," 5/31","爆"
"794","
			
				[問卦] 竹北光明十街求救...
			
			"," 6/01","爆"
"795","
			
				[新聞] 傅<U+5D10>萁鬆口：不排除北上挑戰柯P
			
			"," 6/01","爆"
"796","
			
				[問卦] 建中北一上私立被父母罵丟臉，該重考嗎
			
			"," 6/01","爆"
"797","
			
				[爆卦] 韓國無線電視台已4k開播
			
			"," 6/01","爆"
"798","
			
				Re: [問卦] 為什麼女人在懷孕的時候最美
			
			"," 6/01","爆"
"799","
			
				[問卦] 為什麼軍人打仗時常犯下強姦的罪行？
			
			"," 6/01","爆"
"800","
			
				[新聞] 南韓文在寅：不會改變薩德部署決定
			
			"," 6/01","爆"
"801","
			
				Re: [新聞] 女遊客沒付錢還高調負評1顆星　佛心老闆
			
			"," 6/01","爆"
"802","
			
				[新聞] 掰開雨傘節嘴巴「看看有沒有毒」他在加護
			
			"," 6/01","爆"
"803","
			
				[新聞] 中國務院白皮書：新疆人權大躍進
			
			"," 6/01","爆"
"804","
			
				[問卦] 「蘇花•改」是不是很中二
			
			"," 6/01","爆"
"805","
			
				[新聞] 露屁絲襪「像妓女」？　中教大生：心有糞
			
			"," 6/01","爆"
"806","
			
				[爆卦] 關於最近的性侵男童狂魔的本人照片
			
			"," 6/01","爆"
"807","
			
				[新聞] 好瞎！女裝失明28年騙過家人 只因「不想
			
			"," 6/01","爆"
"808","
			
				[爆卦] 華人被全紐西蘭高呼「滾出去！」
			
			"," 6/01","爆"
"809","
			
				Re: [新聞] 結婚紀念日姦殺6歲女童 判無期：因非必
			
			"," 6/01","爆"
