"","char","freq"
"1","問卦",280344
"2","Re",122308
"3","新聞",115044
"4","嗎",38564
"5","什麼",37719
"6","八卦",30385
"7","　",28668
"8","有沒有",26824
"9","是不是",21354
"10","為",20867
"11","台灣",18443
"12","會",17750
"13","怎麼",13172
"14","爆卦",12204
"15","中國",9995
"16","怎麼辦",8674
"17","想",7469
"18","U",6943
"19","台",6718
"20","沒",6377
"21","日本",6233
"22","吃",6132
"23","該",5966
"24","現在",5695
"25","到底",5654
"26","真的",5269
"27","誰",5187
"28","說",5115
"29","肥宅",4974
"30","比較",4723
"31","世大運",4666
"32","年",4500
"33","怎樣",4496
"34","不會",4322
"35","為何",4299
"36","男",4262
"37","女生",4258
"38","萬",4128
"39","還是",4115
"40","女",4084
"41","讓",4003
"42","歲",3994
"43","台北",3872
"44","有人",3834
"45","沒有",3819
"46","遭",3755
"47","一個",3749
"48","做",3737
"49","對",3616
"50","哪個",3501
"51","買",3457
"52","這麼",3445
"53","中",3435
"54","柯文哲",3416
"55","柯P",3412
"56","A",3329
"57","後",3228
"58","喜歡",3129
"59","台大",2998
"60","美國",2952
"61","陳",2945
"62","與",2923
"63","高雄",2835
"64","卦",2688
"65","這",2625
"66","幹嘛",2599
"67","月",2590
"68","網友",2571
"69","這樣",2527
"70","30",2522
"71","朋友",2473
"72","卻",2469
"73","10",2455
"74","賴清德",2451
"75","一直",2437
"76","263",2426
"77","當",2409
"78","484",2380
"79","新",2344
"80","那麼",2318
"81","灣",2294
"82","高",2280
"83","鄉民",2278
"84","今天",2237
"85","學生",2217
"86","民進黨",2200
"87","時候",2187
"88","女友",2182
"89","開",2163
"90","還",2156
"91","來",2153
"92","請問",2152
"93","不能",2151
"94","覺得",2145
"95","感覺",2119
"96","很多",2067
"97","大學",2050
"98","看到",2021
"99","嗆",1998
"100","前",1975
"101","個",1950
"102","蔡英文",1948
"103","爆",1947
"104","國家",1941
"105","開始",1887
"106","勞基法",1877
"107","死",1876
"108","政府",1876
"109","工作",1863
"110","甚麼",1857
"111","知道",1836
"112","玩",1813
"113","黃國昌",1778
"114","男生",1771
"115","停電",1769
"116","欸",1760
"117","世界",1758
"118","還有",1750
"119","一例一休",1750
"120","麵",1746
"121","元",1738
"122","勞工",1701
"123","愛",1696
"124","哪裡",1694
"125","我們",1662
"126","穿",1650
"127","20",1642
"128","PTT",1642
"129","太",1639
"130","日",1630
"131","正妹",1625
"132","問題",1620
"133","不要",1607
"134","美",1603
"135","手機",1596
"136","妹妹",1573
"137","總統",1571
"138","北韓",1569
"139","億",1563
"140","算",1560
"141","版",1560
"142","大陸",1552
"143","時",1542
"144","機車",1529
"145","國民黨",1527
"146","柯",1518
"147","成",1455
"148","找",1446
"149","市長",1435
"150","屌",1415
"151","一堆",1406
"152","發現",1396
"153","出來",1395
"154","是否",1391
"155","幫",1383
"156","將",1382
"157","小時",1372
"158","怎辦",1358
"159","一樣",1356
"160","超",1344
"161","老闆",1339
"162","東西",1332
"163","罵",1331
"164","修法",1320
"165","妙禪",1309
"166","支持",1306
"167","可能",1304
"168","賣",1297
"169","好吃",1289
"170","韓國",1285
"171","其實",1279
"172","不到",1267
"173","男友",1260
"174","這個",1259
"175","花",1257
"176","FB",1252
"177","中共",1225
"178","竟",1222
"179","台南",1220
"180","搞頭",1206
"181","北",1203
"182","出",1198
"183","甲甲",1198
"184","給",1193
"185","快",1188
"186","遊戲",1187
"187","警察",1187
"188","板",1185
"189","注意",1184
"190","應該",1182
"191","選",1181
"192","幹",1177
"193","墾丁",1174
"194","咪",1169
"195","事",1165
"196","一定",1161
"197","跑",1160
"198","這次",1153
"199","文",1151
"200","天",1150
"201","兩岸",1149
"202","從",1146
"203","讚",1144
"204","小孩",1142
"205","捷運",1132
"206","國",1126
"207","多久",1125
"208","台中",1125
"209","反",1119
"210","影片",1118
"211","公司",1116
"212","過",1116
"213","老師",1115
"214","住",1114
"215","李",1108
"216","ptt",1107
"217","反年改",1106
"218","事件",1106
"219","錢",1105
"220","遇到",1098
"221","高中",1095
"222","批",1091
"223","請",1088
"224","推",1086
"225","的掛",1079
"226","成功",1079
"227","抗議",1077
"228","不用",1075
"229","年輕人",1072
"230","社會",1071
"231","回",1066
"232","傳",1059
"233","變",1050
"234","愛滋",1049
"235","獨立",1046
"236","明天",1045
"237","遊行",1041
"238","惹",1039
"239","全",1031
"240","分",1030
"241","睡",1029
"242","學校",1026
"243","姆",1025
"244","地方",1025
"245","店",1022
"246","人生",1021
"247","上班",1019
"248","薪水",1017
"249","12",1013
"250","館長",1012
"251","陸",1009
"252","更",1004
"253","K",1002
"254","蔡",1001
"255","最大",998
"256","拍",997
"257","走",984
"258","怎麼樣",981
"259","抓",975
"260","哪種",975
"261","送",970
"262","要求",969
"263","X",968
"264","帶",967
"265","發生",967
"266","別人",964
"267","員工",963
"268","冷氣",959
"269","明年",958
"270","時間",952
"271","15",950
"272","崩潰",950
"273","正",947
"274","9.2",944
"275","最強",942
"276","起來",939
"277","結婚",934
"278","立委",932
"279","變成",932
"280","直播",931
"281","林",930
"282","長",928
"283","前瞻",927
"284","完",927
"285","宣布",926
"286","選手",925
"287","案",924
"288","算是",924
"289","11",922
"290","時代",920
"291","差",918
"292","乃哥",918
"293","無",916
"294","原因",916
"295","一起",912
"296","今年",911
"297","曝光",909
"298","化",906
"299","代表",902
"300","電影",902
"301","站",901
"302","台女",900
"303","出現",893
"304","棒球",891
"305","妹",887
"306","vs",887
"307","當年",887
"308","最近",884
"309","賺",884
"310","有加",883
"311","的話",883
"312","聽",883
"313","假",882
"314","最後",876
"315","覺青",875
"316","大生",875
"317","台獨",874
"318","因為",873
"319","生",873
"320","挺",871
"321","早餐",867
"322","著",864
"323","網路",863
"324","片",856
"325","警",856
"326","先",854
"327","英文",854
"328","自殺",852
"329","老婆",852
"330","道歉",849
"331","團體",847
"332","南部",846
"333","法",845
"334","全球",844
"335","正常",841
"336","颱風",835
"337","問",833
"338","重機",831
"339","女兒",830
"340","需要",828
"341","容易",827
"342","突然",827
"343","一天",827
"344","認真",825
"345","聖",825
"346","喝",824
"347","結石",824
"348","女森",822
"349","中華民國",820
"350","狗",819
"351","第一",818
"352","同志",817
"353","中華",816
"354","教授",816
"355","性侵",815
"356","已經",811
"357","馬英九",809
"358","臺灣",807
"359","議員",804
"360","市府",803
"361","統一",801
"362","40",801
"363","50",800
"364","酸",799
"365","罷免",799
"366","適合",795
"367","何不",787
"368","地震",783
"369","沒人",778
"370","卡",778
"371","當兵",777
"372","月薪",777
"373","運動",775
"374","媽媽",773
"375","川普",770
"376","恐",769
"377","馬",769
"378","公務員",764
"379","怒",764
"380","意思",764
"381","臉",764
"382","約",759
"383","一次",759
"384","妹子",758
"385","最好",758
"386","香港",757
"387","應",757
"388","未來",755
"389","話",755
"390","100",754
"391","直接",753
"392","嚴重",753
"393","印度",752
"394","以前",751
"395","撞",748
"396","強",747
"397","iPhone",745
"398","連署",743
"399","民調",742
"400","寫",739
"401","次",738
"402","改",738
"403","學妹",735
"404","男人",733
"405","三",732
"406","你們",732
"407","畢業",732
"408","讀",731
"409","砲",730
"410","南韓",728
"411","無法",727
"412","國道",723
"413","醫生",721
"414","網",719
"415","文言文",718
"416","王",718
"417","參加",718
"418","辦",716
"419","老",715
"420","貓貓",713
"421","討厭",711
"422","女性",709
"423","人口",704
"424","放",703
"425","女孩",701
"426","老人",701
"427","了嗎",701
"428","處理",701
"429","半夜",701
"430","機會",699
"431","這種",698
"432","根本",697
"433","笑",697
"434","記者",696
"435","最高",696
"436","準備",695
"437","律師",692
"438","金城武",691
"439","便宜",691
"440","多少錢",687
"441","的卦",686
"442","出國",685
"443","少女",683
"444","搞",682
"445","發電",681
"446","張",680
"447","辦法",679
"448","騎",679
"449","真",679
"450","發",678
"451","包",678
"452","願意",678
"453","民主",678
"454","搶",675
"455","企業",673
"456","垃圾",673
"457","那個",673
"458","逾",673
"459","騎士",671
"460","難",670
"461","不好",670
"462","解決",669
"463","還要",668
"464","父母",668
"465","砍",668
"466","力量",667
"467","國際",665
"468","政治",664
"469","剩",664
"470","經濟",663
"471","連",663
"472","同學",663
"473","黃",662
"474","太陽",661
"475","醫師",661
"476","麥當勞",659
"477","神",657
"478","邊緣",656
"479","搭",655
"480","追",654
"481","車",649
"482","少子",649
"483","桃園",648
"484","綠",648
"485","發展",648
"486","法官",647
"487","敢",646
"488","殺",645
"489","男子",644
"490","喊",644
"491","通過",642
"492","妳",641
"493","廣告",640
"494","急",640
"495","生活",640
"496","每天",639
"497","16",639
"498","學者",637
"499","賴揆",636
"500","談",636
"501","百萬",635
"502","新北",634
"503","還會",634
"504","加班",632
"505","救",632
"506","大學生",631
"507","天堂",631
"508","18",631
"509","低",630
"510","黑人",630
"511","反核",629
"512","工程師",627
"513","開放",627
"514","文組",625
"515","臉書",625
"516","二",624
"517","歷史",621
"518","公告",617
"519","名",616
"520","節目",614
"521","女人",614
"522","狂",610
"523","學店",610
"524","經典",610
"525","不想",609
"526","名字",609
"527","恐怖",607
"528","19",607
"529","電",606
"530","心態",605
"531","度",604
"532","接受",604
"533","少",604
"534","裡",602
"535","掉",600
"536","別",600
"537","薪資",599
"538","當初",599
"539","逼",599
"540","蘋果",598
"541","不敢",598
"542","提",598
"543","民眾",598
"544","什麼樣",596
"545","拉",595
"546","ㄇ",595
"547","廢",595
"548","破",594
"549","年輕",593
"550","以後",593
"551","烤肉",593
"552","丟",592
"553","師",591
"554","超越",591
"555","人類",591
"556","o",591
"557","想要",590
"558","歌",590
"559","驚",588
"560","手",587
"561","字",586
"562","活動",583
"563","seafood",580
"564","台北市",580
"565","22",580
"566","趴",579
"567","全面",577
"568","千萬",576
"569","習近平",576
"570","修",575
"571","內",575
"572","北京",574
"573","女朋友",572
"574","稱",571
"575","台電",571
"576","護理",570
"577","車禍",569
"578","失敗",568
"579","亞洲",567
"580","結果",566
"581","反對",565
"582","13",565
"583","全台",565
"584","希望",564
"585","比特",563
"586","關係",562
"587","這是",560
"588","水桶",558
"589","好看",558
"590","厲害",556
"591","北市",556
"592","低薪",555
"593","之後",554
"594","金",554
"595","只能",553
"596","歧視",553
"597","承認",552
"598","超級",551
"599","萬人",551
"600","消失",550
"601","便當",550
"602","派",550
"603","教",549
"604","新竹",547
"605","特別",546
"606","加入",546
"607","夜市",545
"608","聯盟",545
"609","比賽",545
"610","總統府",543
"611","法國",542
"612","可愛",542
"613","提案",541
"614","司機",539
"615","幾歲",538
"616","基本工資",537
"617","過譽",537
"618","重要",536
"619","兩個",536
"620","成為",535
"621","進",535
"622","影響",534
"623","第一次",534
"624","有錢",533
"625","學",533
"626","文化",533
"627","外國",531
"628","晚上",531
"629","200",530
"630","明哲",529
"631","越來越",529
"632","霸主",528
"633","超過",528
"634","睡覺",528
"635","尻",527
"636","不滿",526
"637","噓",525
"638","檢舉",525
"639","加薪",523
"640","換",523
"641","幣",523
"642","電腦",521
"643","勞動部",520
"644","一種",519
"645","倒",519
"646","業者",518
"647","王炳忠",518
"648","飲料",515
"649","高鐵",515
"650","討論",514
"651","國軍",514
"652","雞",513
"653","科技",513
"654","們",511
"655","夢",511
"656","專家",511
"657","公車",510
"658","組",510
"659","性",508
"660","單身",508
"661","貴",507
"662","爸爸",507
"663","一下",507
"664","B",506
"665","轟",504
"666","怕",503
"667","選舉",502
"668","發文",501
"669","德國",500
"670","人會",500
"671","未",500
"672","能力",498
"673","臭",498
"674","回應",498
"675","一句",498
"676","蔣萬安",498
"677","廁所",498
"678","娶",497
"679","懷孕",497
"680","近",495
"681","奶茶",494
"682","市",491
"683","餐廳",490
"684","做愛",489
"685","空氣",489
"686","侵",487
"687","60",487
"688","投資",487
"689","獨",487
"690","認識",485
"691","國外",485
"692","甲",484
"693","青年",483
"694","城市",482
"695","有無",482
"696","好玩",481
"697","摸",480
"698","好像",480
"699","發錢",479
"700","關於",479
"701","重",478
"702","吳敦義",478
"703","盼",478
"704","酒駕",478
"705","PO",478
"706","幾",478
"707","考",478
"708","分嗎",478
"709","點",477
"710","路",476
"711","爆料",476
"712","役",476
"713","年薪",473
"714","家",472
"715","黑",472
"716","一年",472
"717","哭",471
"718","攻擊",469
"719","生日",468
"720","2018",468
"721","砸",467
"722","吃飯",466
"723","算不算",466
"724","坐",465
"725","還在",465
"726","14",464
"727","觀光",464
"728","研究",463
"729","加",463
"730","的嗎",462
"731","D",461
"732","Fw",461
"733","蓋",461
"734","秒",460
"735","女童",460
"736","17",458
"737","媒體",457
"738","慶祝",457
"739","幸福",456
"740","中文",455
"741","存在",455
"742","年前",454
"743","洗",454
"744","分手",454
"745","詐騙",454
"746","槍",453
"747","學長",453
"748","停",453
"749","腿",452
"750","旅遊",452
"751","女子",452
"752","非",452
"753","唱",451
"754","拒",451
"755","駕駛",451
"756","相信",450
"757","國旗",450
"758","滷味",450
"759","紀錄",449
"760","指",449
"761","爽",448
"762","限電",447
"763","缺電",447
"764","英國",447
"765","獨家",446
"766","宅",446
"767","參選",445
"768","報告",444
"769","內褲",444
"770","加泰隆尼亞",444
"771","資方",444
"772","告",442
"773","裡面",442
"774","唸",441
"775","戰",441
"776","結束",440
"777","雄",440
"778","比例",440
"779","輸",439
"780","羅",439
"781","軍公教",438
"782","害",438
"783","徐",438
"784","值",436
"785","心情",436
"786","鬼",436
"787","同事",436
"788","教育",435
"789","中油",435
"790","立院",434
"791","奇怪",434
"792","風向",434
"793","事情",434
"794","戰爭",433
"795","家人",433
"796","起訴",432
"797","考上",432
"798","公開",432
"799","很大",431
"800","他們",431
"801","差別",430
"802","推薦",430
"803","自由",430
"804","調查",429
"805","團",429
"806","選擇",427
"807","小心",426
"808","E",425
"809","王八蛋",424
"810","35",424
"811","嫌",424
"812","明",424
"813","歐陽",424
"814","很少",423
"815","偷",423
"816","蟑螂",423
"817","功德",423
"818","可怕",422
"819","懂",422
"820","警方",422
"821","繼續",422
"822","方法",422
"823","值得",421
"824","天氣",421
"825","錯",421
"826","死亡",421
"827","講",421
"828","P",421
"829","黨",420
"830","照片",420
"831","賴",420
"832","中心",419
"833","退休",417
"834","硬",417
"835","大概",416
"836","放棄",416
"837","銀行",415
"838","藍",415
"839","歐洲",415
"840","G",414
"841","赴",413
"842","VS",412
"843","國民",411
"844","安全",411
"845","粉絲",411
"846","科大",410
"847","星",410
"848","包莖",408
"849","危險",408
"850","QQ",407
"851","不同",407
"852","熊",407
"853","飛機",406
"854","亂",406
"855","交通",406
"856","機",406
"857","英",406
"858","不再",405
"859","酒",405
"860","判",404
"861","職業",403
"862","開車",403
"863","兄弟",402
"864","交",402
"865","母豬",402
"866","見",400
"867","免費",400
"868","路上",400
"869","貼",400
"870","外國人",400
"871","還能",400
"872","現場",399
"873","疑",399
"874","質疑",399
"875","R",398
"876","泡",396
"877","分鐘",396
"878","違規",396
"879","體育",395
"880","隻",394
"881","食物",393
"882","25",393
"883","爭議",393
"884","尿",392
"885","賺錢",392
"886","喔",392
"887","使用",390
"888","核電",390
"889","金管會",390
"890","台北人",389
"891","原來",389
"892","電視",388
"893","老公",388
"894","24",388
"895","公投",388
"896","ㄉ",387
"897","金牌",386
"898","男性",385
"899","M",384
"900","徐乃麟",384
"901","擬",384
"902","肉",383
"903","大便",383
"904","殺人",383
"905","東京",383
"906","2017",382
"907","決定",382
"908","概念",382
"909","幾個",382
"910","違法",382
"911","外勞",382
"912","不爽",381
"913","預算",381
"914","回家",381
"915","GG",380
"916","澳洲",379
"917","系",379
"918","得到",379
"919","完全",378
"920","廢文",378
"921","少年",378
"922","室友",378
"923","一個月",378
"924","娃娃",378
"925","念",376
"926","縣市",376
"927","道",376
"928","看過",376
"929","獲",375
"930","身體",375
"931","慘",374
"932","流行",374
"933","爆炸",373
"934","行動",373
"935","女同事",372
"936","剛剛",372
"937","歌聲",372
"938","戴",372
"939","500",372
"940","落後",371
"941","300",371
"942","記得",371
"943","今晚",371
"944","回來",371
"945","支那",370
"946","發明",370
"947","萬元",370
"948","還沒",369
"949","空",369
"950","台語",368
"951","堅持",368
"952","醫院",367
"953","越",367
"954","冷",367
"955","林全",367
"956","取代",367
"957","書",366
"958","台積電",366
"959","瑜",366
"960","旁邊",366
"961","翻",366
"962","HTC",366
"963","中華隊",365
"964","好處",365
"965","認為",365
"966","何時",365
"967","官員",365
"968","造成",365
"969","登",364
"970","自稱",364
"971","韓",363
"972","藝人",362
"973","號",362
"974","軍",361
"975","紅",361
"976","感謝",361
"977","盒盒",361
"978","心",360
"979","回收",360
"980","養",360
"981","菊",360
"982","飛彈",359
"983","收",359
"984","80",359
"985","工時",359
"986","人民",359
"987","聽到",359
"988","很爽",358
"989","詹詠然",358
"990","籲",358
"991","曝",358
"992","拒絕",357
"993","街頭",356
"994","家長",356
"995","永遠",356
"996","真正",356
"997","過氣",356
"998","搜索",355
"999","美女",355
"1000","產業",355
"1001","計畫",355
"1002","嘴",355
"1003","飽",354
"1004","開幕",354
"1005","政",354
"1006","主管",354
"1007","林美珠",353
"1008","味道",353
"1009","汙",353
"1010","取消",352
"1011","市場",352
"1012","幾天",352
"1013","好嗎",351
"1014","永明",350
"1015","動畫",350
"1016","國慶",350
"1017","文章",350
"1018","26",349
"1019","掛",349
"1020","打工",349
"1021","民",349
"1022","原住民",349
"1023","高中生",348
"1024","出生",348
"1025","禁",348
"1026","圖",348
"1027","AV",347
"1028","移民",347
"1029","合理",347
"1030","洗澡",347
"1031","意義",346
"1032","唐從聖",346
"1033","電子",346
"1034","打臉",346
"1035","八掛",346
"1036","投票",346
"1037","母",346
"1038","智障",346
"1039","情侶",346
"1040","贏",345
"1041","這些",345
"1042","登入",345
"1043","技術",345
"1044","Google",345
"1045","政經",345
"1046","條件",344
"1047","電廠",344
"1048","跳",344
"1049","達",344
"1050","兩",344
"1051","確定",344
"1052","一半",343
"1053","飛",343
"1054","胖",343
"1055","法院",343
"1056","C",343
"1057","AI",342
"1058","汽車",342
"1059","上課",342
"1060","逮",342
"1061","中醫",341
"1062","年金",341
"1063","奶",340
"1064","地球",340
"1065","der",339
"1066","工具",339
"1067","憑",339
"1068","北部",338
"1069","休",338
"1070","全國",338
"1071","求",338
"1072","是誰",337
"1073","英雄",337
"1074","小時候",337
"1075","機率",337
"1076","店員",337
"1077","交往",336
"1078","政策",335
"1079","撿",335
"1080","基隆",335
"1081","附近",335
"1082","下班",335
"1083","拚",334
"1084","衣服",334
"1085","進來",334
"1086","證實",333
"1087","挑戰",333
"1088","找到",332
"1089","意外",332
"1090","狼",331
"1091","男女",330
"1092","鍋貼",330
"1093","出門",330
"1094","壓力",329
"1095","後悔",329
"1096","信",329
"1097","丟臉",329
"1098","第二",329
"1099","護士",328
"1100","巨蛋",328
"1101","帥哥",328
"1102","界",328
"1103","傷",328
"1104","強國",327
"1105","帳號",327
"1106","騎車",327
"1107","不行",326
"1108","隔壁",326
"1109","勝利",326
"1110","上海",324
"1111","宿舍",324
"1112","拍照",324
"1113","音樂",324
"1114","動物",324
"1115","火車",324
"1116","超商",323
"1117","禁止",323
"1118","酒店",323
"1119","公園",322
"1120","動漫",322
"1121","賠",322
"1122","長大",322
"1123","危機",322
"1124","進步",322
"1125","電話",322
"1126","鄰居",322
"1127","人士",321
"1128","料理",321
"1129","全世界",321
"1130","女神",321
"1131","快訊",321
"1132","政院",320
"1133","咖啡",320
"1134","集體",320
"1135","漫畫",320
"1136","孩子",320
"1137","竟是",320
"1138","金正恩",319
"1139","駕",319
"1140","戰機",319
"1141","房價",319
"1142","屁股",318
"1143","畫面",318
"1144","同意",317
"1145","嘆",317
"1146","協會",317
"1147","快樂",317
"1148","搭訕",316
"1149","機場",316
"1150","不夠",316
"1151","演唱會",316
"1152","區",316
"1153","四大",315
"1154","很難",315
"1155","關",315
"1156","成立",315
"1157","真相",314
"1158","西班牙",314
"1159","早上",313
"1160","唯一",313
"1161","收到",313
"1162","委",313
"1163","劉曉波",313
"1164","車站",312
"1165","一點",312
"1166","美食",312
"1167","法律",312
"1168","理組",311
"1169","人數",311
"1170","檢討",311
"1171","世祖",310
"1172","講話",310
"1173","T",310
"1174","2665",310
"1175","女權",310
"1176","iphone",309
"1177","越南",309
"1178","沒用",309
"1179","扯",309
"1180","黑道",309
"1181","菜",308
"1182","泰國",308
"1183","富",308
"1184","罷昌",308
"1185","二戰",308
"1186","千",308
"1187","幾年",308
"1188","騙",308
"1189","房子",307
"1190","正式",307
"1191","水",307
"1192","義美",307
"1193","下去",307
"1194","公布",307
"1195","碩士",307
"1196","違建",307
"1197","數學",307
"1198","排",306
"1199","三寶",306
"1200","低端",306
"1201","陸客",306
"1202","國中",305
"1203","網站",305
"1204","306",305
"1205","八",305
"1206","投",305
"1207","共識",304
"1208","明明",304
"1209","中央",304
"1210","裝",304
"1211","正義",304
"1212","家裡",304
"1213","雙",304
"1214","兒子",303
"1215","支付",303
"1216","合作",303
"1217","瘋狂",303
"1218","F",303
"1219","機器人",302
"1220","跳樓",302
"1221","窮人",302
"1222","23",301
"1223","疑似",301
"1224","處男",301
"1225","擋",300
"1226","鬧場",299
"1227","姐姐",299
"1228","改成",299
"1229","族群",299
"1230","外",299
"1231","終於",299
"1232","CP",299
"1233","改革",299
"1234","四",298
"1235","聲音",298
"1236","國小",298
"1237","LINE",298
"1238","冠軍",298
"1239","鬆綁",298
"1240","建設",298
"1241","將軍",297
"1242","集團",297
"1243","影",297
"1244","飯店",296
"1245","語言",296
"1246","同性戀",296
"1247","第一個",296
"1248","黨工",295
"1249","收入",295
"1250","最快",294
"1251","告白",294
"1252","面對",294
"1253","k",294
"1254","oBike",294
"1255","房間",294
"1256","史上",293
"1257","率",293
"1258","課",293
"1259","女孩兒",293
"1260","領",293
"1261","官方",293
"1262","客運",293
"1263","龍",292
"1264","70",292
"1265","最新",291
"1266","半",291
"1267","噁心",291
"1268","慘遭",290
"1269","撞死",290
"1270","改名",290
"1271","排隊",289
"1272","男童",289
"1273","抱怨",289
"1274","智商",289
"1275","票",289
"1276","增加",289
"1277","瘋",289
"1278","扁",288
"1279","系統",288
"1280","跌破",288
"1281","開心",288
"1282","女優",288
"1283","建國",288
"1284","周杰倫",288
"1285","人才",287
"1286","掰",287
"1287","遊客",287
"1288","手槍",287
"1289","哪間",287
"1290","牛肉",286
"1291","專業",286
"1292","鄭",285
"1293","補助",285
"1294","勞團",284
"1295","核",284
"1296","茶",283
"1297","考試",283
"1298","正在",283
"1299","拆",283
"1300","漲",283
"1301","排名",282
"1302","證明",282
"1303","足球",282
"1304","林淑芬",282
"1305","血",281
"1306","間",281
"1307","結衣",281
"1308","行政院",281
"1309","總",281
"1310","式",281
"1311","軟體",281
"1312","空姐",281
"1313","輕軌",280
"1314","懶",280
"1315","竟然",280
"1316","控",280
"1317","聲明",280
"1318","世代",280
"1319","奧運",280
"1320","店家",280
"1321","聲",280
"1322","人氣",279
"1323","穆斯林",279
"1324","台菜",279
"1325","力",279
"1326","理由",279
"1327","霸凌",279
"1328","交大",279
"1329","早",278
"1330","生小孩",278
"1331","不了",278
"1332","記者會",278
"1333","平均",278
"1334","我要",277
"1335","設計",277
"1336","連任",277
"1337","白",277
"1338","抽",277
"1339","現身",277
"1340","離婚",277
"1341","南",277
"1342","梗",276
"1343","怎摸辦",276
"1344","六",276
"1345","小姐",276
"1346","進入",276
"1347","整天",276
"1348","統戰",275
"1349","偷拍",275
"1350","留",275
"1351","立法院",275
"1352","國防部",275
"1353","創",274
"1354","最多",274
"1355","娜娜",274
"1356","閉幕",274
"1357","亡",274
"1358","宗教",274
"1359","年來",274
"1360","不見",274
"1361","彰化",273
"1362","21",273
"1363","痛苦",273
"1364","減少",273
"1365","傳說",272
"1366","3065",272
"1367","挨批",272
"1368","出爐",272
"1369","歌手",272
"1370","會議",272
"1371","喵",271
"1372","改變",271
"1373","過去",271
"1374","厚",270
"1375","夫妻",270
"1376","子",270
"1377","倍",269
"1378","炸雞",269
"1379","申請",268
"1380","每個",268
"1381","實況",268
"1382","蝦皮",268
"1383","妻",268
"1384","雞雞",268
"1385","加油",267
"1386","美軍",267
"1387","至少",267
"1388","判刑",267
"1389","負責",267
"1390","在家",267
"1391","華人",267
"1392","簡單",267
"1393","違停",267
"1394","古代",266
"1395","習",266
"1396","勞",266
"1397","來自",266
"1398","陳菊",266
"1399","射",266
"1400","過勞",266
"1401","億元",266
"1402","宇宙",266
"1403","強制",265
"1404","忘記",265
"1405","小英",265
"1406","毛",265
"1407","眾",265
"1408","一家",265
"1409","line",264
"1410","林奕含",264
"1411","可憐",264
"1412","唱歌",263
"1413","真實",262
"1414","標準",262
"1415","郭",262
"1416","十年",262
"1417","分享",262
"1418","涉",261
"1419","白人",261
"1420","幫忙",261
"1421","軍人",260
"1422","院",260
"1423","合法",260
"1424","下台",260
"1425","尊重",260
"1426","共軍",260
"1427","連續",260
"1428","有點",259
"1429","天天",259
"1430","吵",259
"1431","逛",259
"1432","建議",258
"1433","來台",258
"1434","身上",258
"1435","教練",258
"1436","陪",258
"1437","憲兵",258
"1438","核能",258
"1439","練",258
"1440","衝",258
"1441","故意",257
"1442","慶",257
"1443","資格",257
"1444","制度",256
"1445","金融",256
"1446","身亡",256
"1447","揭",256
"1448","版主",256
"1449","會想",256
"1450","推文",256
"1451","對方",256
"1452","學歷",256
"1453","國文",256
"1454","信徒",255
"1455","台鐵",255
"1456","悠遊",255
"1457","停止",255
"1458","哥哥",255
"1459","五月天",255
"1460","藏",255
"1461","不算",255
"1462","定義",255
"1463","長庚",255
"1464","校園",254
"1465","說話",254
"1466","健康",254
"1467","舔",254
"1468","新加坡",254
"1469","行",254
"1470","世紀",254
"1471","媽",254
"1472","天才",253
"1473","表演",253
"1474","好賺",253
"1475","p",253
"1476","故事",253
"1477","躲",253
"1478","帥",253
"1479","演",252
"1480","不來",252
"1481","youtuber",252
"1482","無罪",252
"1483","禮物",252
"1484","連勝文",251
"1485","德",251
"1486","無聊",251
"1487","暑假",251
"1488","病",251
"1489","街",251
"1490","之前",251
"1491","壞",251
"1492","對象",251
"1493","客",251
"1494","素質",250
"1495","36",250
"1496","行車",250
"1497","府",250
"1498","告訴",250
"1499","考慮",250
"1500","留言",250
"1501","說謊",250
"1502","台積",250
"1503","馬路",250
"1504","勇",250
"1505","爛",250
"1506","普",250
"1507","家庭",249
"1508","希",249
"1509","最低",249
"1510","的人",249
"1511","自助餐",249
"1512","生氣",249
"1513","毒品",249
"1514","現實",248
"1515","目前",248
"1516","路邊",248
"1517","呼籲",248
"1518","漂亮",248
"1519","交換",248
"1520","聊天",248
"1521","水球",247
"1522","誇張",247
"1523","取",247
"1524","肥宅會",246
"1525","處女",246
"1526","俄羅斯",246
"1527","煮",246
"1528","局長",246
"1529","2020",246
"1530","突破",245
"1531","研究所",245
"1532","反擊",245
"1533","全家",245
"1534","大戰",245
"1535","副",244
"1536","愛滋病",244
"1537","讀書",244
"1538","人權",244
"1539","關心",244
"1540","台灣會",243
"1541","周",242
"1542","聖誕節",242
"1543","藍綠",242
"1544","好喝",242
"1545","離開",242
"1546","明星",242
"1547","立",242
"1548","蛋",241
"1549","死刑",241
"1550","服務",241
"1551","貓",241
"1552","小學",241
"1553","過嗎",241
"1554","獨派",241
"1555","深夜",240
"1556","飯",240
"1557","一場",240
"1558","變態",240
"1559","午餐",240
"1560","霸氣",239
"1561","方式",239
"1562","徐國",239
"1563","頭",239
"1564","門檻",239
"1565","姊",239
"1566","晚餐",238
"1567","不錯",238
"1568","裡的",238
"1569","歐美",238
"1570","背",238
"1571","屎",238
"1572","想到",238
"1573","志願",238
"1574","難過",238
"1575","罰",238
"1576","姊姊",237
"1577","級",237
"1578","吹",237
"1579","胸部",237
"1580","開戰",237
"1581","主",237
"1582","供電",237
"1583","列",237
"1584","圖書館",237
"1585","女星",237
"1586","增",237
"1587","停車",237
"1588","棒",236
"1589","剛",236
"1590","年改",236
"1591","常常",236
"1592","1000",236
"1593","跳電",235
"1594","物價",235
"1595","製",235
"1596","幹話",235
"1597","最慘",235
"1598","鐵",234
"1599","拖",234
"1600","解釋",234
"1601","高雄人",234
"1602","老爸",234
"1603","浪費",234
"1604","反應",234
"1605","受傷",234
"1606","花音",234
"1607","角色",234
"1608","有用嗎",234
"1609","成長",234
"1610","下午",234
"1611","邏輯",233
"1612","性愛",233
"1613","總是",233
"1614","那種",233
"1615","僅",233
"1616","插",233
"1617","高層",233
"1618","首歌",233
"1619","種",233
"1620","醫學系",233
"1621","左轉",233
"1622","香蕉",232
"1623","起床",232
"1624","小說",232
"1625","秀",232
"1626","品牌",232
"1627","引",232
"1628","破產",232
"1629","退",232
"1630","都幾",232
"1631","哥",232
"1632","待轉",231
"1633","責任",231
"1634","過勞死",231
"1635","協尋",231
"1636","警告",231
"1637","何要",231
"1638","聰明",231
"1639","一群",231
"1640","現代",231
"1641","時區",230
"1642","幾次",230
"1643","族",230
"1644","查",230
"1645","壞掉",230
"1646","腳",230
"1647","綠營",230
"1648","關鍵",230
"1649","痛",229
"1650","被告",229
"1651","32",229
"1652","27",229
"1653","水準",229
"1654","包子",229
"1655","印尼",229
"1656","輪班",229
"1657","指考",229
"1658","勞資",229
"1659","解",229
"1660","活",228
"1661","排除",228
"1662","正確",228
"1663","看不起",228
"1664","城",228
"1665","考生",228
"1666","起薪",228
"1667","史",228
"1668","放假",228
"1669","人員",227
"1670","程度",227
"1671","清",227
"1672","哪家",227
"1673","努力",227
"1674","降低",227
"1675","衝突",227
"1676","北一女",227
"1677","科學",227
"1678","執政",226
"1679","傻眼",226
"1680","肛門",226
"1681","三國",226
"1682","剩下",226
"1683","怎樣才能",226
"1684","慶富",226
"1685","聽說",226
"1686","一隻",225
"1687","復活",225
"1688","工會",225
"1689","川",225
"1690","郭台銘",225
"1691","宵夜",225
"1692","對話",225
"1693","夾",225
"1694","咖",224
"1695","威脅",224
"1696","貓咪",224
"1697","程式",224
"1698","吸毒",224
"1699","噁",224
"1700","會贏",224
"1701","牛排",224
"1702","父",224
"1703","違反",224
"1704","劉宇",224
"1705","綠委",224
"1706","籃球",223
"1707","吵架",223
"1708","計程車",223
"1709","感冒",223
"1710","對岸",223
"1711","會變",223
"1712","武統",223
"1713","宏達",223
"1714","飆",223
"1715","設",223
"1716","牛奶",223
"1717","照顧",222
"1718","博士",222
"1719","議題",222
"1720","菲律賓",222
"1721","發票",222
"1722","忘",222
"1723","進場",222
"1724","宜蘭",222
"1725","檢",221
"1726","成員",221
"1727","划算",221
"1728","人嗎",221
"1729","價值",221
"1730","猛",221
"1731","保護",221
"1732","po",221
"1733","東南亞",221
"1734","露",221
"1735","開槍",221
"1736","調",221
"1737","受",221
"1738","持續",221
"1739","處",221
"1740","長輩",220
"1741","演藝圈",220
"1742","等級",220
"1743","昨天",220
"1744","人物",220
"1745","有錢人",220
"1746","機上",220
"1747","曾經",220
"1748","廢物",220
"1749","偶像",220
"1750","平常",220
"1751","佔",220
"1752","保證",219
"1753","ㄧ",219
"1754","等於",219
"1755","球員",219
"1756","闖",219
"1757","上網",219
"1758","蛇",219
"1759","即將",219
"1760","朱立倫",219
"1761","愛情",219
"1762","天龍",219
"1763","背後",219
"1764","轉",219
"1765","完成",219
"1766","搶救",218
"1767","手遊",218
"1768","對決",218
"1769","時薪",218
"1770","600",218
"1771","伊斯蘭",218
"1772","吸引",218
"1773","我家",218
"1774","譙",218
"1775","面試",218
"1776","精神",218
"1777","阿伯",217
"1778","內容",217
"1779","組織",217
"1780","消費",216
"1781","冬天",216
"1782","給我",216
"1783","喊話",216
"1784","一人",216
"1785","業",216
"1786","規定",216
"1787","怪",216
"1788","仔",216
"1789","系列",216
"1790","座",216
"1791","護照",216
"1792","學習",215
"1793","有多爽",215
"1794","士兵",215
"1795","爸媽",215
"1796","家屬",215
"1797","交流",215
"1798","香",215
"1799","首",215
"1800","必要",215
"1801","勞動",215
"1802","一張",214
"1803","甩棍",214
"1804","低能",214
"1805","好不好",214
"1806","多人",214
"1807","生命",214
"1808","老爹",214
"1809","薪",214
"1810","女排",213
"1811","基本",213
"1812","前面",213
"1813","狀況",213
"1814","光",213
"1815","怨",212
"1816","地位",212
"1817","畫",212
"1818","鳥",212
"1819","健身房",212
"1820","火",212
"1821","首度",212
"1822","和平",212
"1823","時力",212
"1824","回到",212
"1825","外面",212
"1826","論壇",212
"1827","爭取",212
"1828","經驗",211
"1829","星巴克",211
"1830","全民",211
"1831","魯蛇",211
"1832","股票",211
"1833","師傅",211
"1834","菸",211
"1835","公斤",211
"1836","修正",211
"1837","辦公室",211
"1838","牛",211
"1839","帝國",211
"1840","不給",211
"1841","謝",211
"1842","首都",211
"1843","動",211
"1844","環境",211
"1845","哇靠",211
"1846","學會",211
"1847","內行",210
"1848","線",210
"1849","提告",210
"1850","發廢文",210
"1851","幾乎",210
"1852","屏東",210
"1853","撐",210
"1854","員",210
"1855","抽菸",210
"1856","中正",210
"1857","公",210
"1858","失業",209
"1859","盤子",209
"1860","潮",209
"1861","賽",209
"1862","火鍋",209
"1863","緊急",209
"1864","踢",209
"1865","工人",209
"1866","打人",208
"1867","嘉義",208
"1868","不該",208
"1869","哆",208
"1870","開學",208
"1871","嘔",208
"1872","登場",208
"1873","哪部",208
"1874","天空",207
"1875","共享",207
"1876","沒什麼",207
"1877","x",206
"1878","丁守中",206
"1879","神作",206
"1880","在哪",206
"1881","承諾",206
"1882","品質",206
"1883","中午",206
"1884","效應",206
"1885","好友",206
"1886","孕婦",206
"1887","祖國",206
"1888","大聲",206
"1889","味",205
"1890","點名",205
"1891","拍板",205
"1892","主播",205
"1893","二代",205
"1894","守",205
"1895","馬桶",205
"1896","期待",205
"1897","夏天",205
"1898","軌道",205
"1899","運動員",205
"1900","滿",205
"1901","踩",205
"1902","主席",205
"1903","男孩",205
"1904","眼睛",204
"1905","拿到",204
"1906","翻成",204
"1907","地區",204
"1908","詹",203
"1909","工廠",203
"1910","罵人",203
"1911","提高",203
"1912","吳",203
"1913","多數",203
"1914","人要",203
"1915","沖繩",203
"1916","金庸",202
"1917","遇過",202
"1918","房東",202
"1919","習慣",202
"1920","45",202
"1921","十九",202
"1922","台幣",202
"1923","最佳",202
"1924","秘密",201
"1925","用電",201
"1926","後來",201
"1927","小朋友",201
"1928","外流",201
"1929","網紅",201
"1930","勿",201
"1931","後面",201
"1932","共",201
"1933","年代",201
"1934","ID",200
"1935","醫科",200
"1936","濺",200
"1937","配",200
"1938","黃安",200
"1939","挨",200
"1940","一生",200
"1941","28",200
"1942","相親",200
"1943","行為",200
"1944","雨",200
"1945","送醫",199
"1946","提升",199
"1947","白痴",199
"1948","占",199
"1949","錄取",199
"1950","安樂死",199
"1951","年底",199
"1952","游泳",199
"1953","租屋",199
"1954","知名",198
"1955","主張",198
"1956","DNA",198
"1957","封鎖",198
"1958","千人",198
"1959","哪來",198
"1960","核四",198
"1961","沒事",197
"1962","聯合國",197
"1963","新黨",197
"1964","笑話",197
"1965","教師",197
"1966","趙",197
"1967","尷尬",197
"1968","需",197
"1969","雷艦",197
"1970","出席",197
"1971","馮世寬",197
"1972","保全",197
"1973","偉大",197
"1974","實力",196
"1975","冰",196
"1976","以下",196
"1977","登陸",196
"1978","打造",196
"1979","班",196
"1980","久",196
"1981","臺北",196
"1982","主持",196
"1983","KMT",196
"1984","部長",196
"1985","郝龍斌",196
"1986","年級",196
"1987","彭",195
"1988","宴",195
"1989","中職",195
"1990","毒",195
"1991","90",195
"1992","存款",195
"1993","猥褻",195
"1994","幾點",195
"1995","google",195
"1996","民族",195
"1997","性別",195
"1998","舉債",195
"1999","創業",194
"2000","揆",194
"2001","市民",194
"2002","次數",194
"2003","轉型",194
"2004","睡不著",194
"2005","半年",194
"2006","腳踏車",194
"2007","世新",194
"2008","加拿大",194
"2009","制服",194
"2010","改善",194
"2011","恢復",194
"2012","粉",194
"2013","暗示",193
"2014","含",193
"2015","ㄘ",193
"2016","挖",193
"2017","很會",193
"2018","乘客",193
"2019","遇",192
"2020","可行",192
"2021","綠色",192
"2022","貢獻",192
"2023","網球",192
"2024","蘿莉",192
"2025","窮",192
"2026","擔心",192
"2027","條例",192
"2028","公里",192
"2029","部",192
"2030","中時",191
"2031","一輩子",191
"2032","靠北",191
"2033","趕",191
"2034","好聽",191
"2035","熱",191
"2036","學姐",191
"2037","廢話",191
"2038","累",191
"2039","師父",191
"2040","各國",191
"2041","成大",191
"2042","五樓",190
"2043","作家",190
"2044","身邊",190
"2045","分辨",190
"2046","姓",190
"2047","鬧",190
"2048","沒救",190
"2049","打架",190
"2050","下雨",190
"2051","婚姻",190
"2052","大火",189
"2053","fb",189
"2054","名嘴",189
"2055","離職",189
"2056","接",189
"2057","限制",189
"2058","弟弟",189
"2059","我國",189
"2060","功能",189
"2061","直銷",189
"2062","惹議",189
"2063","只會",189
"2064","板上",189
"2065","自動",189
"2066","顏色",189
"2067","去年",188
"2068","郭董",188
"2069","澄清",188
"2070","7-11",188
"2071","被判",188
"2072","咬",188
"2073","排球",188
"2074","犯罪",188
"2075","獎金",188
"2076","擊斃",188
"2077","入",188
"2078","工",188
"2079","藍委",188
"2080","台大生",188
"2081","前女友",188
"2082","報警",187
"2083","漲價",187
"2084","個人",187
"2085","提供",187
"2086","樓",187
"2087","女同學",187
"2088","口",187
"2089","報",187
"2090","引爆",187
"2091","學弟",187
"2092","一條",187
"2093","獵人",187
"2094","該不該",187
"2095","荷蘭",186
"2096","空軍",186
"2097","有關",186
"2098","破壞",186
"2099","醫療",186
"2100","溝通",186
"2101","租",186
"2102","日文",186
"2103","主權",186
"2104","哪邊",186
"2105","要來",185
"2106","主委",185
"2107","態度",185
"2108","獵",185
"2109","生育率",185
"2110","義大利",185
"2111","電競",185
"2112","公主",185
"2113","hen",185
"2114","甩",185
"2115","顧立雄",185
"2116","成績",185
"2117","王子",185
"2118","上路",184
"2119","中秋節",184
"2120","南向",184
"2121","太陽能",184
"2122","公寓",184
"2123","科系",184
"2124","三個",184
"2125","安慰",184
"2126","幻想",184
"2127","港",184
"2128","擁核",184
"2129","安定",184
"2130","絕對",184
"2131","主角",184
"2132","於",183
"2133","彈性",183
"2134","較",183
"2135","幫助",183
"2136","復",183
"2137","紐約",183
"2138","報導",183
"2139","阿福",183
"2140","戰鬥",183
"2141","升級",183
"2142","快速",183
"2143","翻譯",183
"2144","失蹤",183
"2145","墮胎",182
"2146","封殺",182
"2147","驚見",182
"2148","塊",182
"2149","會長",182
"2150","發言",182
"2151","解放軍",182
"2152","地獄",182
"2153","抱",182
"2154","全身",182
"2155","健身",182
"2156","姚文智",181
"2157","颱風天",181
"2158","花蓮",181
"2159","助理",181
"2160","難吃",181
"2161","紅燈",181
"2162","段",181
"2163","名單",181
"2164","很強",181
"2165","回去",181
"2166","對於",181
"2167","價格",181
"2168","演講",181
"2169","懶人",181
"2170","母親",181
"2171","號召",181
"2172","身高",181
"2173","寵物",181
"2174","想當",180
"2175","頭髮",180
"2176","治療",180
"2177","周玉蔻",180
"2178","給你",180
"2179","感情",180
"2180","非常",180
"2181","旅行",180
"2182","內部",180
"2183","重啟",180
"2184","退伍",180
"2185","空污",180
"2186","玩家",180
"2187","三星",180
"2188","路人",180
"2189","打贏",180
"2190","林佳龍",179
"2191","害怕",179
"2192","自爆",179
"2193","回憶",179
"2194","2000",179
"2195","不知",179
"2196","提早",179
"2197","雲",179
"2198","壹",179
"2199","有效",179
"2200","強調",179
"2201","杯",179
"2202","員警",179
"2203","譴責",179
"2204","貨車",179
"2205","緊張",179
"2206","引發",178
"2207","姊妹",178
"2208","辣",178
"2209","上街",178
"2210","爆氣",178
"2211","智",178
"2212","大叔",178
"2213","偷吃",178
"2214","外交部",178
"2215","架",178
"2216","髒話",178
"2217","聲援",177
"2218","訓練",177
"2219","鼓勵",177
"2220","開發",177
"2221","日子",177
"2222","過世",177
"2223","造假",177
"2224","居民",177
"2225","宣傳",176
"2226","揪",176
"2227","娘",176
"2228","弄",176
"2229","面臨",176
"2230","共產黨",176
"2231","下令",176
"2232","400",176
"2233","酥",176
"2234","常",176
"2235","保險套",176
"2236","長榮",176
"2237","戰女",176
"2238","釀",176
"2239","高雄市",176
"2240","最愛",175
"2241","大量",175
"2242","犯",175
"2243","800",175
"2244","電梯",175
"2245","製造",175
"2246","九把刀",175
"2247","同時",175
"2248","大樓",175
"2249","失去",175
"2250","肥",175
"2251","變得",175
"2252","NBA",175
"2253","噗",175
"2254","白話",175
"2255","課綱",175
"2256","重新",174
"2257","航空",174
"2258","cp",174
"2259","能夠",174
"2260","舉辦",174
"2261","公分",174
"2262","愛上",174
"2263","罪",174
"2264","數",174
"2265","國人",174
"2266","漢堡",174
"2267","一中",174
"2268","吳宗憲",174
"2269","XXXXSHIT",174
"2270","遊",173
"2271","房",173
"2272","舒服",173
"2273","公尺",173
"2274","失控",173
"2275","社團",173
"2276","跨",173
"2277","看起來",173
"2278","阿姨",173
"2279","髒",172
"2280","洨",172
"2281","利用",172
"2282","巧克力",172
"2283","停機",172
"2284","高市",172
"2285","新高",172
"2286","評價",172
"2287","產品",172
"2288","愛心",172
"2289","連假",172
"2290","普遍",172
"2291","多難",172
"2292","嫁",172
"2293","交友",172
"2294","九二",172
"2295","衛福部",171
"2296","下體",171
"2297","螢幕",171
"2298","透天",171
"2299","通常",171
"2300","夜",171
"2301","董事長",171
"2302","說明",171
"2303","林口",171
"2304","有用",171
"2305","健保",171
"2306","牙醫",171
"2307","促",171
"2308","海外",171
"2309","感動",171
"2310","起飛",171
"2311","炸",171
"2312","周芷萱",171
"2313","拿來",171
"2314","輾斃",171
"2315","鸛雀樓",170
"2316","IG",170
"2317","陸媒",170
"2318","商店",170
"2319","黃金",170
"2320","氣",170
"2321","看法",170
"2322","一間",170
"2323","禮讓",170
"2324","青",170
"2325","抵制",170
"2326","無人",170
"2327","核電廠",169
"2328","還不",169
"2329","隊",169
"2330","肇事",169
"2331","線上",169
"2332","基層",169
"2333","挑",169
"2334","買房",169
"2335","要選",169
"2336","刺青",169
"2337","輾",169
"2338","廠商",169
"2339","俄",169
"2340","要用",169
"2341","國中生",169
"2342","花冠",168
"2343","性感",168
"2344","鬼島",168
"2345","重返",168
"2346","啟動",168
"2347","口味",168
"2348","阿扁",168
"2349","碰到",168
"2350","房屋",168
"2351","大哥",168
"2352","哭哭",168
"2353","批評",168
"2354","Q",168
"2355","否認",168
"2356","環保",168
"2357","蔣介石",168
"2358","男同志",168
"2359","理工",167
"2360","群",167
"2361","抄",167
"2362","夜店",167
"2363","LOL",167
"2364","加班費",167
"2365","電力",167
"2366","有個",167
"2367","擴大",167
"2368","雞排",167
"2369","毫無",166
"2370","傳統",166
"2371","交到",166
"2372","邱",166
"2373","騷擾",166
"2374","放寬",166
"2375","做過",166
"2376","高潮",166
"2377","間隔",166
"2378","褲子",166
"2379","西門町",166
"2380","欠",165
"2381","特",165
"2382","點出",165
"2383","震撼",165
"2384","里",165
"2385","瑞雪",165
"2386","夢想",165
"2387","烤",165
"2388","今日",165
"2389","吃素",165
"2390","破解",165
"2391","整個",165
"2392","促轉",164
"2393","S",164
"2394","囉",164
"2395","賓士",164
"2396","資",164
"2397","被迫",164
"2398","招",164
"2399","刀",164
"2400","更新",164
"2401","吳秉叡",164
"2402","推出",164
"2403","控制",164
"2404","情況",164
"2405","核彈",164
"2406","海軍",164
"2407","77",164
"2408","樂團",164
"2409","開機",164
"2410","金德",164
"2411","劈",164
"2412","屍體",164
"2413","千億",163
"2414","吸",163
"2415","氫彈",163
"2416","撈",163
"2417","加分",163
"2418","s",163
"2419","稱呼",163
"2420","米",163
"2421","署",163
"2422","身材",163
"2423","鞭刑",163
"2424","里長",163
"2425","電機",163
"2426","隊友",163
"2427","醒來",163
"2428","謝謝",163
"2429","保",162
"2430","每年",162
"2431","吉",162
"2432","肛",162
"2433","爆發",162
"2434","不讓",162
"2435","當選",162
"2436","渣",162
"2437","救援",162
"2438","新垣",162
"2439","聊",162
"2440","通勤",162
"2441","三年",162
"2442","慣",162
"2443","耶誕",162
"2444","電費",162
"2445","分析",162
"2446","彭文正",161
"2447","維修",161
"2448","羞恥",161
"2449","驗",161
"2450","華航",161
"2451","校長",161
"2452","資料",161
"2453","曬",161
"2454","出去",161
"2455","樣子",161
"2456","這裡",161
"2457","立法",160
"2458","器",160
"2459","森",160
"2460","婦人",160
"2461","測試",160
"2462","郁慕明",160
"2463","北車",160
"2464","ㄟ",160
"2465","爸",160
"2466","喬",160
"2467","唸書",160
"2468","兆",160
"2469","千元",160
"2470","作",160
"2471","福",160
"2472","大麻",159
"2473","衛生紙",159
"2474","發表",159
"2475","逆轉",159
"2476","簽",159
"2477","海洋",159
"2478","主持人",159
"2479","缺",159
"2480","減肥",159
"2481","模式",159
"2482","滑",159
"2483","客人",159
"2484","入侵",159
"2485","暴動",159
"2486","島",159
"2487","廢除",159
"2488","最美",159
"2489","私立",159
"2490","建中",159
"2491","自慰",158
"2492","進去",158
"2493","一家親",158
"2494","外籍",158
"2495","舊",158
"2496","每月",158
"2497","研發",158
"2498","首次",158
"2499","大師",158
"2500","中南部",158
"2501","配合",158
"2502","取名",158
"2503","捐",158
"2504","黑暗",158
"2505","聯合",158
"2506","國會",158
"2507","去過",158
"2508","寂寞",158
"2509","金門",158
"2510","中秋",157
"2511","從從",157
"2512","預告",157
"2513","豪宅",157
"2514","到處",157
"2515","時期",157
"2516","上面",157
"2517","困難",157
"2518","土地",157
"2519","記憶",157
"2520","難道",157
"2521","閉幕式",157
"2522","家園",157
"2523","中印",157
"2524","議",157
"2525","定",157
"2526","保險",157
"2527","工讀生",156
"2528","難度",156
"2529","直說",156
"2530","創新",156
"2531","太多",156
"2532","天使",156
"2533","正名",156
"2534","部隊",156
"2535","車上",156
"2536","驚傳",156
"2537","看見",156
"2538","好市",156
"2539","感",156
"2540","幾分",156
"2541","日富",156
"2542","外套",155
"2543","選手村",155
"2544","情",155
"2545","鄉鎮",155
"2546","遲到",155
"2547","美麗",155
"2548","零",155
"2549","長官",155
"2550","業務",155
"2551","印象",155
"2552","單位",155
"2553","推動",155
"2554","三天",155
"2555","交易",155
"2556","摔",155
"2557","苗",155
"2558","南北",155
"2559","革命",154
"2560","武器",154
"2561","非核",154
"2562","求償",154
"2563","憂",154
"2564","XX",154
"2565","位",154
"2566","刺",154
"2567","陸委會",154
"2568","辛苦",154
"2569","怪怪的",154
"2570","綁",154
"2571","肚子",154
"2572","燒",154
"2573","躺",154
"2574","維持",154
"2575","拯救",154
"2576","打到",154
"2577","抹黑",154
"2578","張忠謀",153
"2579","海",153
"2580","董座",153
"2581","筆電",153
"2582","破處",153
"2583","李來",153
"2584","罰單",153
"2585","對付",153
"2586","平台",153
"2587","世",153
"2588","熱門",152
"2589","歐盟",152
"2590","拔",152
"2591","票房",152
"2592","目標",152
"2593","海底",152
"2594","球",152
"2595","卡通",152
"2596","補",152
"2597","約會",152
"2598","辭職",152
"2599","白色",152
"2600","新北市",152
"2601","凌晨",152
"2602","暖",152
"2603","上任",151
"2604","抓到",151
"2605","料",151
"2606","核廢料",151
"2607","喝酒",151
"2608","團結",151
"2609","然後",151
"2610","夫",151
"2611","內幕",151
"2612","炸彈",151
"2613","有嘻哈",151
"2614","塞",151
"2615","翻身",151
"2616","囂張",151
"2617","水果",151
"2618","原",150
"2619","踢踢",150
"2620","個性",150
"2621","老外",150
"2622","重大",150
"2623","兩年",150
"2624","花錢",150
"2625","表態",150
"2626","旅客",150
"2627","掩蓋",150
"2628","IS",150
"2629","女主播",150
"2630","西瓜",150
"2631","小女孩",149
"2632","沒落",149
"2633","通",149
"2634","英語",149
"2635","官",149
"2636","購物",149
"2637","3000",149
"2638","食品",149
"2639","蔡丁貴",149
"2640","強迫",149
"2641","勃起",149
"2642","發動",149
"2643","出包",149
"2644","這件",148
"2645","寶寶",148
"2646","商品",148
"2647","鹽",148
"2648","嗨",148
"2649","生物",148
"2650","胸",148
"2651","乾淨",148
"2652","套房",148
"2653","打得贏",148
"2654","150",148
"2655","被當",148
"2656","版上",148
"2657","五",148
"2658","風波",148
"2659","癱瘓",148
"2660","街亭",148
"2661","蚊子",148
"2662","免",148
"2663","Youtuber",148
"2664","誤會",148
"2665","屋頂",148
"2666","稅",147
"2667","安",147
"2668","了吧",147
"2669","參與",147
"2670","男森",147
"2671","刷",147
"2672","國球",147
"2673","汐止",147
"2674","狠",147
"2675","朝鮮",147
"2676","每次",147
"2677","一秒",147
"2678","大雄",147
"2679","obike",147
"2680","斷",147
"2681","兵",147
"2682","神秘",147
"2683","第一名",147
"2684","勸",147
"2685","行業",147
"2686","交通部",147
"2687","付錢",147
"2688","大型",147
"2689","房貸",147
"2690","慘死",147
"2691","人為",147
"2692","目的",147
"2693","羽球",146
"2694","逮捕",146
"2695","補習班",146
"2696","壽司",146
"2697","調適",146
"2698","胖子",146
"2699","婚禮",146
"2700","懶覺",146
"2701","兇",146
"2702","可不可以",146
"2703","年內",146
"2704","87",146
"2705","數據",146
"2706","5742",146
"2707","白癡",146
"2708","頻道",145
"2709","回答",145
"2710","身分",145
"2711","墨西哥",145
"2712","歡迎",145
"2713","澳門",145
"2714","審查",145
"2715","被控",145
"2716","存",145
"2717","打敗",145
"2718","質詢",145
"2719","120",145
"2720","統治",145
"2721","感到",145
"2722","檔",145
"2723","七夕",145
"2724","踹",145
"2725","慟",145
"2726","表現",145
"2727","爭",145
"2728","泰利",145
"2729","大會",145
"2730","抽到",144
"2731","發現自己",144
"2732","一顆",144
"2733","小學生",144
"2734","七年級",144
"2735","統計",144
"2736","賣場",144
"2737","車子",144
"2738","爆頭",144
"2739","檢查",144
"2740","MOD",144
"2741","恐嚇",144
"2742","型",144
"2743","過的",144
"2744","床上",144
"2745","三重",144
"2746","了解",144
"2747","廠",144
"2748","地鐵",144
"2749","維安",144
"2750","治安",144
"2751","寶",143
"2752","提前",143
"2753","13000",143
"2754","表示",143
"2755","抗爭",143
"2756","輸給",143
"2757","痛批",143
"2758","來說",143
"2759","板橋",143
"2760","101",143
"2761","戀愛",143
"2762","這輩子",143
"2763","GDP",143
"2764","app",143
"2765","樂",143
"2766","列車",143
"2767","鍵盤",143
"2768","外星人",143
"2769","防",143
"2770","欺負",143
"2771","方向",143
"2772","神奇",143
"2773","死掉",143
"2774","苗栗",143
"2775","極限",143
"2776","紅茶",142
"2777","心裡",142
"2778","刪",142
"2779","老鼠",142
"2780","做到",142
"2781","排擠",142
"2782","規劃",142
"2783","虧",142
"2784","李富城",142
"2785","表決",142
"2786","稿",142
"2787","興奮",142
"2788","師批",142
"2789","學姊",142
"2790","5000",142
"2791","XXXXGAY",142
"2792","慶富案",142
"2793","新生",141
"2794","薯條",141
"2795","警局",141
"2796","崛起",141
"2797","請假",141
"2798","載",141
"2799","單車",141
"2800","阻止",141
"2801","知識",141
"2802","閃",141
"2803","肥宅們",141
"2804","HIV",141
"2805","代",141
"2806","歌詞",141
"2807","球迷",141
"2808","哪首",141
"2809","名人",141
"2810","假日",141
"2811","隨便",141
"2812","容量",141
"2813","賴神",141
"2814","公民",141
"2815","服",141
"2816","夢到",140
"2817","跑車",140
"2818","成本",140
"2819","退出",140
"2820","持刀",140
"2821","魔",140
"2822","懷念",140
"2823","留學生",140
"2824","ㄋ",140
"2825","洗腦",140
"2826","妮妮",140
"2827","汙染",140
"2828","很慘",140
"2829","好好",140
"2830","彈",140
"2831","操",140
"2832","十大",140
"2833","性騷擾",140
"2834","OK",140
"2835","建",140
"2836","爪",140
"2837","消滅",140
"2838","外遇",140
"2839","不准",140
"2840","凈",139
"2841","抗",139
"2842","集合",139
"2843","選票",139
"2844","贊助",139
"2845","台灣人",139
"2846","老闆娘",139
"2847","大街",139
"2848","年紀",139
"2849","耶",139
"2850","下來",139
"2851","民間",139
"2852","一路",139
"2853","黃種人",139
"2854","消防員",139
"2855","語",139
"2856","瞧不起",139
"2857","檢察官",139
"2858","炒",138
"2859","很爛",138
"2860","日本妹",138
"2861","捷",138
"2862","火力",138
"2863","不吃",138
"2864","糞",138
"2865","熟女",138
"2866","中華電信",138
"2867","m",138
"2868","紫衣",138
"2869","法律系",138
"2870","聽過",138
"2871","基因",138
"2872","主因",138
"2873","小蘿莉",138
"2874","移工",138
"2875","耳機",138
"2876","專訪",138
"2877","警報",138
"2878","youtube",138
"2879","邀",138
"2880","命案",138
"2881","代言",138
"2882","劉備",137
"2883","李茂生",137
"2884","狗狗",137
"2885","製作",137
"2886","請辭",137
"2887","大人物",137
"2888","腰",137
"2889","博雅",137
"2890","大雨",137
"2891","兒童",137
"2892","詞",137
"2893","說好",137
"2894","擦",137
"2895","便利商店",137
"2896","鴻海",137
"2897","軟",137
"2898","更好",137
"2899","認罪",137
"2900","余光中",137
"2901","北捷",137
"2902","父親",137
"2903","認證",137
"2904","勞方",136
"2905","宣戰",136
"2906","新娘",136
"2907","面前",136
"2908","下場",136
"2909","認",136
"2910","心中",136
"2911","單親",136
"2912","三立",136
"2913","DPP",136
"2914","淘汰",136
"2915","場地",136
"2916","魚",136
"2917","數恐",136
"2918","流出",136
"2919","節",136
"2920","魅力",136
"2921","居然",136
"2922","肯德基",136
"2923","鍾",136
"2924","兇手",135
"2925","智強",135
"2926","嚇壞",135
"2927","捐款",135
"2928","離",135
"2929","屁",135
"2930","暴怒",135
"2931","鮮肉",135
"2932","合照",135
"2933","電動",135
"2934","領先",135
"2935","社區",135
"2936","鳥籠",135
"2937","過分",135
"2938","33",135
"2939","政權",135
"2940","罷工",135
"2941","爬",135
"2942","刪除",135
"2943","強姦",135
"2944","宅宅",135
"2945","Line",135
"2946","關注",135
"2947","擁有",134
"2948","74",134
"2949","侯漢廷",134
"2950","拜",134
"2951","屁孩",134
"2952","大媽",134
"2953","知",134
"2954","以來",134
"2955","一步",134
"2956","屋",134
"2957","閱卷",134
"2958","水餃",134
"2959","五星旗",134
"2960","815",134
"2961","制裁",133
"2962","112",133
"2963","蔡正元",133
"2964","攤",133
"2965","情緒",133
"2966","主動",133
"2967","陳建州",133
"2968","走路",133
"2969","護航",133
"2970","智慧",133
"2971","消",133
"2972","直",133
"2973","一篇",133
"2974","闖紅燈",133
"2975","離譜",133
"2976","倒退",133
"2977","周年",133
"2978","兒",133
"2979","勝",133
"2980","最爽",133
"2981","福衛",133
"2982","激怒",133
"2983","旅館",133
"2984","百",132
"2985","北上",132
"2986","打破",132
"2987","制",132
"2988","全裸",132
"2989","階級",132
"2990","縣長",132
"2991","回歸",132
"2992","友",132
"2993","團隊",132
"2994","甜",132
"2995","地下",132
"2996","司法",132
"2997","篇",132
"2998","審",132
"2999","訊息",132
"3000","人選",132
"3001","高調",132
"3002","聖粉",132
"3003","歌曲",132
"3004","忠",131
"3005","先進",131
"3006","優勢",131
"3007","費",131
"3008","萬華",131
"3009","打算",131
"3010","PS4",131
"3011","好多",131
"3012","29",131
"3013","打仗",131
"3014","情人",131
"3015","傷害",131
"3016","一台",131
"3017","火車站",131
"3018","抄襲",131
"3019","倒數",131
"3020","調薪",131
"3021","小妹",131
"3022","不理",131
"3023","姚",131
"3024","不過",131
"3025","喝茶",130
"3026","邱議瑩",130
"3027","駕照",130
"3028","愛國同心會",130
"3029","榮耀",130
"3030","南京大屠殺",130
"3031","拉屎",130
"3032","觀眾",130
"3033","暢談",130
"3034","不去",130
"3035","命運",130
"3036","修惡",130
"3037","火速",130
"3038","鄉下",130
"3039","剪",130
"3040","贊成",130
"3041","硬碟",130
"3042","學到",130
"3043","犬",130
"3044","同婚",130
"3045","專區",130
"3046","有多強",130
"3047","中部",130
"3048","曹操",130
"3049","共同",129
"3050","AA制",129
"3051","脫",129
"3052","豬",129
"3053","差異",129
"3054","部分",129
"3055","嘴巴",129
"3056","名稱",129
"3057","資源",129
"3058","義",129
"3059","旗",129
"3060","意見",129
"3061","H",129
"3062","上帝",129
"3063","高官",129
"3064","99",129
"3065","瞬間",129
"3066","支付寶",128
"3067","友善",128
"3068","34",128
"3069","子彈",128
"3070","方便",128
"3071","林靜儀",128
"3072","嚇到",128
"3073","國安",128
"3074","舉重",128
"3075","大賽",128
"3076","納粹",128
"3077","KTV",128
"3078","暴力",128
"3079","降",128
"3080","深",128
"3081","成就",128
"3082","福利",128
"3083","禮拜",128
"3084","輕鬆",128
"3085","小嫻",128
"3086","人去",128
"3087","條款",128
"3088","幻象",127
"3089","天下",127
"3090","景點",127
"3091","戴資穎",127
"3092","輸不起",127
"3093","亡國論",127
"3094","風力",127
"3095","打死",127
"3096","臨時",127
"3097","阿公",127
"3098","啤酒",127
"3099","管制",127
"3100","道路",127
"3101","澎湖",127
"3102","民國",127
"3103","愛吃",127
"3104","監獄",127
"3105","弊案",127
"3106","來了",127
"3107","風暴",127
"3108","痛哭",127
"3109","介紹",127
"3110","吃過",127
"3111","藝術",127
"3112","果粉",127
"3113","嫌犯",127
"3114","統派",126
"3115","課本",126
"3116","看待",126
"3117","下跪",126
"3118","人妻",126
"3119","開打",126
"3120","成龍",126
"3121","併",126
"3122","180",126
"3123","現",126
"3124","夯",126
"3125","買到",126
"3126","突",126
"3127","車廂",126
"3128","歐",126
"3129","從小",126
"3130","謝淑薇",126
"3131","孤獨",126
"3132","親戚",126
"3133","風",125
"3134","民視",125
"3135","颶風",125
"3136","中壢",125
"3137","逃",125
"3138","藍營",125
"3139","件",125
"3140","惡",125
"3141","一塊",125
"3142","空間",125
"3143","圈",125
"3144","奕",125
"3145","流失",125
"3146","雙城",125
"3147","東亞",125
"3148","門票",125
"3149","支",125
"3150","印",125
"3151","反甲",125
"3152","求救",125
"3153","休息",124
"3154","多益",124
"3155","錯誤",124
"3156","彩虹",124
"3157","手搖",124
"3158","失眠",124
"3159","外省人",124
"3160","內政部",124
"3161","省",124
"3162","體驗",124
"3163","清大",124
"3164","協議",124
"3165","歸",124
"3166","軍事",124
"3167","祭",124
"3168","魯",124
"3169","介入",124
"3170","裸體",124
"3171","沒來",124
"3172","風險",124
"3173","拍賣",124
"3174","360",124
"3175","天班",124
"3176","貼圖",124
"3177","考不上",124
"3178","Dcard",124
"3179","白宮",124
"3180","買票",123
"3181","郝",123
"3182","啪啪",123
"3183","劇情",123
"3184","陸軍",123
"3185","桌球",123
"3186","高速公路",123
"3187","腦袋",123
"3188","擠",123
"3189","放在",123
"3190","險",123
"3191","勞檢",123
"3192","情人節",123
"3193","過來",123
"3194","板主",123
"3195","都市",123
"3196","瘦",123
"3197","綜藝",123
"3198","迷",123
"3199","打壓",123
"3200","寶可夢",123
"3201","乾",123
"3202","VPN",123
"3203","苦",123
"3204","捐血",123
"3205","滿意",122
"3206","加州",122
"3207","有多紅",122
"3208","陸生",122
"3209","完美",122
"3210","差不多",122
"3211","槍擊",122
"3212","教育部",122
"3213","軍中",122
"3214","不在",122
"3215","好用",122
"3216","雪",122
"3217","按摩",122
"3218","特色",122
"3219","自卑",122
"3220","國內",122
"3221","穩定",122
"3222","米其林",122
"3223","翻轉",122
"3224","運",122
"3225","盧麗安",122
"3226","當時",121
"3227","邀請",121
"3228","三萬",121
"3229","萬一",121
"3230","賣淫",121
"3231","贏了",121
"3232","職",121
"3233","高捷",121
"3234","新鮮",121
"3235","煙",121
"3236","晚",121
"3237","插隊",121
"3238","重傷",121
"3239","牌",121
"3240","餓",121
"3241","高學歷",121
"3242","無照",121
"3243","候選人",121
"3244","柯建銘",121
"3245","最難",121
"3246","作品",121
"3247","轉彎",121
"3248","我該",121
"3249","派出所",121
"3250","大腿",121
"3251","小穹",121
"3252","德州",121
"3253","受歡迎",121
"3254","買不起",121
"3255","基督徒",121
"3256","純",121
"3257","柯南",121
"3258","台中人",121
"3259","對不起",121
"3260","項目",121
"3261","無敵",121
"3262","行銷",121
"3263","力挺",121
"3264","差點",120
"3265","願",120
"3266","年齡",120
"3267","董",120
"3268","猝死",120
"3269","犯台",120
"3270","不足",120
"3271","競爭力",120
"3272","奪",120
"3273","霾",120
"3274","白色恐怖",120
"3275","經濟學",120
"3276","皇帝",120
"3277","理想",120
"3278","大葉",120
"3279","在意",120
"3280","阿嬤",120
"3281","潑",120
"3282","OL",120
"3283","特赦",120
"3284","中小",120
"3285","認同",120
"3286","男排",120
"3287","被騙",120
"3288","醉",120
"3289","魔人",120
"3290","仇恨",120
"3291","報復",120
"3292","成不了",120
"3293","絕食",120
"3294","要說",119
"3295","整理",119
"3296","嬤",119
"3297","興趣",119
"3298","進行",119
"3299","外交",119
"3300","洪秀柱",119
"3301","兩天",119
"3302","怒吼",119
"3303","非洲",119
"3304","想法",119
"3305","自私",119
"3306","志",119
"3307","凶宅",119
"3308","林志玲",119
"3309","黑色",119
"3310","搬",119
"3311","竹科",119
"3312","啪",119
"3313","營運",119
"3314","閃電",119
"3315","執行",119
"3316","颱",119
"3317","葉",119
"3318","席",119
"3319","美元",119
"3320","雙胞胎",119
"3321","女警",119
"3322","之星",119
"3323","剛好",119
"3324","實驗",119
"3325","這時",119
"3326","本土",119
"3327","王者",119
"3328","風電",119
"3329","便",119
"3330","安全帽",119
"3331","年度",119
"3332","古文",119
"3333","單",119
"3334","怎摸",119
"3335","內衣",118
"3336","發言人",118
"3337","首例",118
"3338","魔法",118
"3339","超人",118
"3340","不斷",118
"3341","霸",118
"3342","總理",118
"3343","禿頭",118
"3344","蛋糕",118
"3345","舉",118
"3346","文化局",118
"3347","害死",118
"3348","充滿",118
"3349","操場",118
"3350","門口",118
"3351","掛嗎",118
"3352","期中考",118
"3353","發射",118
"3354","有感",118
"3355","留學",117
"3356","議會",117
"3357","令",117
"3358","醫",117
"3359","協助",117
"3360","台商",117
"3361","覺醒",117
"3362","嬰兒",117
"3363","大人",117
"3364","再次",117
"3365","雷",117
"3366","武力",117
"3367","一日",117
"3368","複製",117
"3369","鹹",117
"3370","聖誕",117
"3371","TWICE",117
"3372","難民",117
"3373","委員",117
"3374","這句",117
"3375","床",117
"3376","求職",117
"3377","劉",117
"3378","職棒",116
"3379","濕",116
"3380","明文",116
"3381","感染",116
"3382","四川",116
"3383","電動車",116
"3384","商",116
"3385","家族",116
"3386","雙北",116
"3387","嚇",116
"3388","早就",116
"3389","不可",116
"3390","上線",116
"3391","V",116
"3392","堂",116
"3393","導致",116
"3394","新生兒",116
"3395","Seafood",116
"3396","色",116
"3397","裝病",116
"3398","洛杉基",115
"3399","一邊",115
"3400","51",115
"3401","吹冷氣",115
"3402","恐龍",115
"3403","坦承",115
"3404","雞蛋",115
"3405","上市",115
"3406","比台灣",115
"3407","花媽",115
"3408","親",115
"3409","為廷",115
"3410","智力測驗",115
"3411","自然",115
"3412","協商",115
"3413","處置",115
"3414","沾",115
"3415","押",115
"3416","弱勢",115
"3417","對手",115
"3418","碰",115
"3419","APP",115
"3420","Ptt",115
"3421","DJ",115
"3422","天生",115
"3423","兩段式",115
"3424","登記",115
"3425","媽祖",115
"3426","包圍",115
"3427","恭喜",115
"3428","求婚",115
"3429","減",114
"3430","速度",114
"3431","埃及",114
"3432","可悲",114
"3433","Gogoro",114
"3434","披薩",114
"3435","同樣",114
"3436","眼鏡",114
"3437","玩遊戲",114
"3438","全台灣",114
"3439","透露",114
"3440","捲",114
"3441","下面",114
"3442","人民幣",114
"3443","忙",114
"3444","桶",114
"3445","恐攻",114
"3446","加強",114
"3447","工業",114
"3448","合",114
"3449","搜",114
"3450","囧",114
"3451","被叫",114
"3452","優質",114
"3453","炫耀",114
"3454","不出",114
"3455","劉樂妍",114
"3456","兩次",114
"3457","世界盃",114
"3458","報名",114
"3459","彩繪",114
"3460","什",114
"3461","政黨",114
"3462","預測",114
"3463","遙香",113
"3464","丸",113
"3465","媒",113
"3466","捨",113
"3467","執法",113
"3468","聯手",113
"3469","北檢",113
"3470","跨年",113
"3471","持",113
"3472","錄音",113
"3473","殺死",113
"3474","優點",113
"3475","婚宴",113
"3476","54",113
"3477","跌",113
"3478","意識",113
"3479","一片",113
"3480","放屁",113
"3481","玻璃",113
"3482","ㄅ",113
"3483","反同",113
"3484","繳",113
"3485","致詞",113
"3486","加碼",113
"3487","重視",113
"3488","血汗",113
"3489","令人",113
"3490","當街",113
"3491","難看",112
"3492","收費",112
"3493","85",112
"3494","事實",112
"3495","助",112
"3496","過期",112
"3497","豆導",112
"3498","回不去",112
"3499","不開",112
"3500","法案",112
"3501","普妹",112
"3502","吐",112
"3503","殺手",112
"3504","蟲",112
"3505","屠殺",112
"3506","開除",112
"3507","顛覆",112
"3508","核武",112
"3509","清楚",112
"3510","判斷",112
"3511","逃逸",112
"3512","悲劇",112
"3513","出面",112
"3514","野生",112
"3515","形象",112
"3516","家中",112
"3517","不停",112
"3518","政客",112
"3519","達人",112
"3520","華視",112
"3521","一碗",112
"3522","週刊",112
"3523","諷",112
"3524","140",111
"3525","戀",111
"3526","泰",111
"3527","螞蟻",111
"3528","什摸",111
"3529","七",111
"3530","黃智賢",111
"3531","機制",111
"3532","一件",111
"3533","身份",111
"3534","服貿",111
"3535","雖",111
"3536","臭豆腐",111
"3537","MV",111
"3538","電玩",111
"3539","西",111
"3540","加速",111
"3541","扛",111
"3542","常態",111
"3543","四個",111
"3544","西方",111
"3545","威力",111
"3546","手指",111
"3547","丹丹",111
"3548","七天",111
"3549","後代",111
"3550","提名",111
"3551","避免",111
"3552","婦",111
"3553","那邊",111
"3554","大大",111
"3555","油",111
"3556","坪",111
"3557","r",111
"3558","重考",111
"3559","Taiwan",110
"3560","曹",110
"3561","美網",110
"3562","需求",110
"3563","挖礦",110
"3564","魔王",110
"3565","46",110
"3566","滾",110
"3567","軍隊",110
"3568","遠",110
"3569","林子",110
"3570","付",110
"3571","郭文貴",110
"3572","支那人",110
"3573","待遇",110
"3574","院長",110
"3575","電信",110
"3576","用來",110
"3577","百貨公司",110
"3578","鋼",110
"3579","夫婦",110
"3580","追求",110
"3581","Apple",110
"3582","竹",110
"3583","特殊",110
"3584","獨立國家",109
"3585","妻子",109
"3586","咖啡店",109
"3587","衝擊",109
"3588","中信",109
"3589","教室",109
"3590","太高",109
"3591","逢甲",109
"3592","操作",109
"3593","已婚",109
"3594","陰謀",109
"3595","1500",109
"3596","軍艦",109
"3597","楊",109
"3598","國賠",109
"3599","保障",109
"3600","丈夫",109
"3601","強大",109
"3602","校",109
"3603","數字",109
"3604","啟",109
"3605","煙火",109
"3606","酸民",109
"3607","吃掉",109
"3608","國文課",109
"3609","長期",109
"3610","邪教",109
"3611","188",109
"3612","大阪",108
"3613","檢方",108
"3614","懷疑",108
"3615","全聯",108
"3616","罕見",108
"3617","職場",108
"3618","轎車",108
"3619","對台",108
"3620","有名",108
"3621","幹麻",108
"3622","高薪",108
"3623","臺",108
"3624","不變",108
"3625","老二",108
"3626","東",108
"3627","必須",108
"3628","路口",108
"3629","錄影",108
"3630","月入",108
"3631","你家",108
"3632","討",108
"3633","玻璃心",108
"3634","輕",108
"3635","珠",108
"3636","紀念",107
"3637","遊民",107
"3638","心得",107
"3639","提出",107
"3640","宮廟",107
"3641","南投",107
"3642","申訴",107
"3643","以為",107
"3644","不止",107
"3645","宋楚瑜",107
"3646","天假",107
"3647","騙人",107
"3648","優惠",107
"3649","臺灣人",107
"3650","營養",107
"3651","本來",107
"3652","行程",107
"3653","擊敗",107
"3654","洩",107
"3655","強震",107
"3656","老大",107
"3657","淡水",107
"3658","以色列",107
"3659","頂",107
"3660","遼寧",107
"3661","直擊",107
"3662","台中市",107
"3663","標槍",107
"3664","拿掉",107
"3665","打槍",107
"3666","神明",107
"3667","人力",107
"3668","翻牆",106
"3669","逐字",106
"3670","資產",106
"3671","偷偷",106
"3672","馬上",106
"3673","遊覽車",106
"3674","問我",106
"3675","巴西",106
"3676","第三",106
"3677","一度",106
"3678","提醒",106
"3679","前夕",106
"3680","標題",106
"3681","導演",106
"3682","巴黎",106
"3683","動作",106
"3684","謝龍介",106
"3685","失戀",106
"3686","鐵路",106
"3687","國立",106
"3688","節電",106
"3689","槍擊案",106
"3690","校方",105
"3691","男籃",105
"3692","沒錢",105
"3693","花甲",105
"3694","榮",105
"3695","寧願",105
"3696","國慶日",105
"3697","氣炸",105
"3698","豪",105
"3699","急診",105
"3700","曖昧",105
"3701","自拍",105
"3702","母語",105
"3703","哽咽",105
"3704","口交",105
"3705","上吊",105
"3706","再度",105
"3707","一把",105
"3708","和解",105
"3709","民宿",105
"3710","形容",105
"3711","逆向",105
"3712","高手",105
"3713","教學",105
"3714","椅子",105
"3715","淚",105
"3716","屋主",105
"3717","互相",105
"3718","百年",105
"3719","55",105
"3720","軍方",105
"3721","混",105
"3722","債務",105
"3723","寶清",105
"3724","CCR",105
"3725","第一天",105
"3726","禮貌",105
"3727","志工",104
"3728","小組",104
"3729","機器",104
"3730","五年",104
"3731","工程",104
"3732","沙漠",104
"3733","充電",104
"3734","綠能",104
"3735","喇",104
"3736","命",104
"3737","監督",104
"3738","實現",104
"3739","相關",104
"3740","洪",104
"3741","攻",104
"3742","旁",104
"3743","領袖",104
"3744","勢力",104
"3745","展現",104
"3746","公平",104
"3747","反串",104
"3748","公職",104
"3749","福原",104
"3750","驚人",104
"3751","下限",104
"3752","脫離",104
"3753","效果",104
"3754","1200",104
"3755","辨識",104
"3756","台海",104
"3757","可望",104
"3758","周子",104
"3759","鴨",104
"3760","作弊",104
"3761","107",103
"3762","宣示",103
"3763","失誤",103
"3764","胡瓜",103
"3765","好事",103
"3766","亂象",103
"3767","信仰",103
"3768","王世堅",103
"3769","建立",103
"3770","頂樓",103
"3771","發出",103
"3772","殭屍",103
"3773","量",103
"3774","言論",103
"3775","瓦斯",103
"3776","吶",103
"3777","死者",103
"3778","加泰",103
"3779","普通",103
"3780","市議員",103
"3781","四年",103
"3782","華",103
"3783","海邊",103
"3784","群組",103
"3785","電價",103
"3786","山",103
"3787","女團",103
"3788","台人",103
"3789","規模",103
"3790","黃金交叉",103
"3791","周錫瑋",103
"3792","主要",103
"3793","吃火鍋",103
"3794","不禮貌",103
"3795","裸照",103
"3796","乾脆",103
"3797","動物園",103
"3798","草莓",103
"3799","用戶",103
"3800","內湖",103
"3801","亞",103
"3802","玩具",103
"3803","扣",102
"3804","EBD",102
"3805","舊聞",102
"3806","詐欺",102
"3807","特徵",102
"3808","生病",102
"3809","佛",102
"3810","動手",102
"3811","驕傲",102
"3812","館",102
"3813","微軟",102
"3814","杜特蒂",102
"3815","血統",102
"3816","馬來西亞",102
"3817","侯友宜",102
"3818","真心",102
"3819","塑膠",102
"3820","包皮",102
"3821","可能性",102
"3822","反駁",102
"3823","份子",102
"3824","諸葛亮",102
"3825","蹲",102
"3826","調漲",102
"3827","海報",102
"3828","上台",102
"3829","林書豪",102
"3830","談判",102
"3831","熱線",102
"3832","運動會",102
"3833","先生",102
"3834","美好",102
"3835","哪國",102
"3836","格",102
"3837","大潭",102
"3838","可樂",102
"3839","留下",102
"3840","幸運",102
"3841","打爆",102
"3842","期間",102
"3843","表達",102
"3844","請進",102
"3845","雜誌",101
"3846","教官",101
"3847","聘金",101
"3848","人均",101
"3849","邊",101
"3850","究竟",101
"3851","一首歌",101
"3852","五號",101
"3853","樹",101
"3854","高級",101
"3855","雲林",101
"3856","版本",101
"3857","無人機",101
"3858","大立光",101
"3859","條",101
"3860","國籍",101
"3861","基地",101
"3862","勞保",101
"3863","階段",101
"3864","國防",101
"3865","捷克",101
"3866","班上",101
"3867","i8",101
"3868","墜樓",101
"3869","衛",101
"3870","下雨天",101
"3871","農地",101
"3872","落",101
"3873","錯過",101
"3874","網民",100
"3875","乖乖",100
"3876","流",100
"3877","最爛",100
"3878","ㄚ",100
"3879","非法",100
"3880","簡訊",100
"3881","展",100
"3882","中國化",100
"3883","鑰匙",100
"3884","物理",100
"3885","上床",100
"3886","經費",100
"3887","許多",100
"3888","不高",100
"3889","熱褲",100
"3890","男朋友",100
"3891","實習",100
"3892","超跑",100
"3893","高職",100
"3894","做好",100
"3895","銀",100
"3896","公社",100
"3897","自願",100
"3898","廚師",100
