"","dates","score","score2","topic","theme"
"1",2017-07-01,1.2,1.2,"勞基法修法","政治"
"2",2017-07-02,1.3,1.3,"勞基法修法","政治"
"3",2017-07-03,0.9,0.9,"勞基法修法","政治"
"4",2017-07-04,1.8,1.8,"勞基法修法","政治"
"5",2017-07-05,1.2,1.2,"勞基法修法","政治"
"6",2017-07-06,0.2,0.2,"勞基法修法","政治"
"7",2017-07-07,8.2,5.7,"勞基法修法","政治"
"8",2017-07-08,5.3,5.3,"勞基法修法","政治"
"9",2017-07-09,1.8,1.8,"勞基法修法","政治"
"10",2017-07-11,0.6,0.6,"勞基法修法","政治"
"11",2017-07-12,1.8,1.8,"勞基法修法","政治"
"12",2017-07-13,0.5,0.5,"勞基法修法","政治"
"13",2017-07-14,0.6,0.6,"勞基法修法","政治"
"14",2017-07-15,1.3,1.3,"勞基法修法","政治"
"15",2017-07-17,3.4,3.4,"勞基法修法","政治"
"16",2017-07-18,1,1,"勞基法修法","政治"
"17",2017-07-22,0.1,0.1,"勞基法修法","政治"
"18",2017-07-23,1.2,1.2,"勞基法修法","政治"
"19",2017-07-24,1,1,"勞基法修法","政治"
"20",2017-07-26,0.8,0.8,"勞基法修法","政治"
"21",2017-07-27,1.4,1.4,"勞基法修法","政治"
"22",2017-07-28,2.9,2.9,"勞基法修法","政治"
"23",2017-07-29,2.4,2.4,"勞基法修法","政治"
"24",2017-07-30,0.6,0.6,"勞基法修法","政治"
"25",2017-08-01,3.1,3.1,"勞基法修法","政治"
"26",2017-08-02,2.7,2.7,"勞基法修法","政治"
"27",2017-08-04,0.1,0.1,"勞基法修法","政治"
"28",2017-08-06,0.5,0.5,"勞基法修法","政治"
"29",2017-08-07,1.5,1.5,"勞基法修法","政治"
"30",2017-08-08,0.1,0.1,"勞基法修法","政治"
"31",2017-08-09,0.1,0.1,"勞基法修法","政治"
"32",2017-08-11,1.2,1.2,"勞基法修法","政治"
"33",2017-08-12,1.5,1.5,"勞基法修法","政治"
"34",2017-08-14,2.2,2.2,"勞基法修法","政治"
"35",2017-08-15,1.2,1.2,"勞基法修法","政治"
"36",2017-08-16,1,1,"勞基法修法","政治"
"37",2017-08-18,1.3,1.3,"勞基法修法","政治"
"38",2017-08-19,0.7,0.7,"勞基法修法","政治"
"39",2017-08-21,0.5,0.5,"勞基法修法","政治"
"40",2017-08-22,1.5,1.5,"勞基法修法","政治"
"41",2017-08-23,0.2,0.2,"勞基法修法","政治"
"42",2017-08-25,0.5,0.5,"勞基法修法","政治"
"43",2017-08-29,0.1,0.1,"勞基法修法","政治"
"44",2017-09-02,2.2,2.2,"勞基法修法","政治"
"45",2017-09-03,0.3,0.3,"勞基法修法","政治"
"46",2017-09-04,1.7,1.7,"勞基法修法","政治"
"47",2017-09-05,2.5,2.5,"勞基法修法","政治"
"48",2017-09-06,1.3,1.3,"勞基法修法","政治"
"49",2017-09-07,4,4,"勞基法修法","政治"
"50",2017-09-08,6.2,6.2,"勞基法修法","政治"
"51",2017-09-09,0.4,0.4,"勞基法修法","政治"
"52",2017-09-10,0.7,0.7,"勞基法修法","政治"
"53",2017-09-11,4.7,4.7,"勞基法修法","政治"
"54",2017-09-12,1.2,1.2,"勞基法修法","政治"
"55",2017-09-13,3.8,3.3,"勞基法修法","政治"
"56",2017-09-14,0.7,0.7,"勞基法修法","政治"
"57",2017-09-15,1.2,1.2,"勞基法修法","政治"
"58",2017-09-16,1.5,1.5,"勞基法修法","政治"
"59",2017-09-18,0.8,0.8,"勞基法修法","政治"
"60",2017-09-19,5.7,5.7,"勞基法修法","政治"
"61",2017-09-20,1.6,1.6,"勞基法修法","政治"
"62",2017-09-21,1.1,1.1,"勞基法修法","政治"
"63",2017-09-22,3.2,3.2,"勞基法修法","政治"
"64",2017-09-23,0.2,0.2,"勞基法修法","政治"
"65",2017-09-25,0.1,0.1,"勞基法修法","政治"
"66",2017-09-26,2.8,2.8,"勞基法修法","政治"
"67",2017-09-28,2.5,2.5,"勞基法修法","政治"
"68",2017-09-29,4.2,4.2,"勞基法修法","政治"
"69",2017-09-30,0.6,0.6,"勞基法修法","政治"
"70",2017-10-02,0.2,0.2,"勞基法修法","政治"
"71",2017-10-03,1.1,1.1,"勞基法修法","政治"
"72",2017-10-04,1.2,1.2,"勞基法修法","政治"
"73",2017-10-05,0.5,0.5,"勞基法修法","政治"
"74",2017-10-07,1,1,"勞基法修法","政治"
"75",2017-10-09,0.5,0.5,"勞基法修法","政治"
"76",2017-10-10,0.1,0.1,"勞基法修法","政治"
"77",2017-10-11,0.5,0.5,"勞基法修法","政治"
"78",2017-10-12,1.1,1.1,"勞基法修法","政治"
"79",2017-10-13,0.6,0.6,"勞基法修法","政治"
"80",2017-10-14,2.2,2.2,"勞基法修法","政治"
"81",2017-10-15,0.7,0.7,"勞基法修法","政治"
"82",2017-10-16,0.5,0.5,"勞基法修法","政治"
"83",2017-10-17,0.5,0.5,"勞基法修法","政治"
"84",2017-10-18,0.5,0.5,"勞基法修法","政治"
"85",2017-10-19,1.8,1.8,"勞基法修法","政治"
"86",2017-10-20,2.7,2.7,"勞基法修法","政治"
"87",2017-10-21,3.7,3.2,"勞基法修法","政治"
"88",2017-10-23,1,1,"勞基法修法","政治"
"89",2017-10-25,0.5,0.5,"勞基法修法","政治"
"90",2017-10-26,1.3,1.3,"勞基法修法","政治"
"91",2017-10-27,0.8,0.8,"勞基法修法","政治"
"92",2017-10-28,2.4,2.4,"勞基法修法","政治"
"93",2017-10-29,0.2,0.2,"勞基法修法","政治"
"94",2017-11-03,37.1,30.6,"勞基法修法","政治"
"95",2017-11-04,11.6,10.6,"勞基法修法","政治"
"96",2017-11-05,22,19.5,"勞基法修法","政治"
"97",2017-11-06,61,56,"勞基法修法","政治"
"98",2017-11-07,53.6,46.1,"勞基法修法","政治"
"99",2017-11-08,31.3,30.3,"勞基法修法","政治"
"100",2017-11-09,25.8,25.8,"勞基法修法","政治"
"101",2017-11-10,20.4,20.4,"勞基法修法","政治"
"102",2017-11-11,10.2,10.2,"勞基法修法","政治"
"103",2017-11-12,5.8,5.8,"勞基法修法","政治"
"104",2017-11-13,9.6,9.6,"勞基法修法","政治"
"105",2017-11-14,23.1,19.6,"勞基法修法","政治"
"106",2017-11-15,26.2,21.7,"勞基法修法","政治"
"107",2017-11-16,15.6,14.6,"勞基法修法","政治"
"108",2017-11-17,32.3,31.3,"勞基法修法","政治"
"109",2017-11-18,13.2,12.2,"勞基法修法","政治"
"110",2017-11-19,12.6,12.6,"勞基法修法","政治"
"111",2017-11-20,58.9,52.4,"勞基法修法","政治"
"112",2017-11-21,79.7,69.2,"勞基法修法","政治"
"113",2017-11-22,39,36.5,"勞基法修法","政治"
"114",2017-11-23,106.5,89,"勞基法修法","政治"
"115",2017-11-24,28.4,27.9,"勞基法修法","政治"
"116",2017-11-25,19.8,17.8,"勞基法修法","政治"
"117",2017-11-26,19.5,19.5,"勞基法修法","政治"
"118",2017-11-27,11.4,10.9,"勞基法修法","政治"
"119",2017-11-28,19.4,18.9,"勞基法修法","政治"
"120",2017-11-29,23.2,23.2,"勞基法修法","政治"
"121",2017-11-30,29.1,28.1,"勞基法修法","政治"
"122",2017-12-01,17.6,17.6,"勞基法修法","政治"
"123",2017-12-02,11.1,10.6,"勞基法修法","政治"
"124",2017-12-03,8.7,8.7,"勞基法修法","政治"
"125",2017-12-04,51.4,47.4,"勞基法修法","政治"
"126",2017-12-05,83.6,71.6,"勞基法修法","政治"
"127",2017-12-06,36.6,34.1,"勞基法修法","政治"
"128",2017-12-07,39.3,36.8,"勞基法修法","政治"
"129",2017-12-08,13.9,13.4,"勞基法修法","政治"
"130",2017-12-09,19.3,17.3,"勞基法修法","政治"
"131",2017-12-10,13.3,13.3,"勞基法修法","政治"
"132",2017-12-11,4.4,4.4,"勞基法修法","政治"
"133",2017-12-12,7.2,6.7,"勞基法修法","政治"
"134",2017-12-13,24.4,20.9,"勞基法修法","政治"
"135",2017-12-14,3.8,3.8,"勞基法修法","政治"
"136",2017-12-15,2.7,2.7,"勞基法修法","政治"
"137",2017-12-16,2,2,"勞基法修法","政治"
"138",2017-12-17,6.7,4.2,"勞基法修法","政治"
"139",2017-12-18,3,2.5,"勞基法修法","政治"
"140",2017-12-19,3.2,3.2,"勞基法修法","政治"
"141",2017-12-20,10.2,8.7,"勞基法修法","政治"
"142",2017-12-21,15.3,14.3,"勞基法修法","政治"
"143",2017-12-22,12.3,11.8,"勞基法修法","政治"
"144",2017-12-23,62.7,53.2,"勞基法修法","政治"
"145",2017-12-24,26.2,23.7,"勞基法修法","政治"
"146",2017-07-15,0.1,0.1,"中國新歌聲","政治"
"147",2017-07-17,0.6,0.6,"中國新歌聲","政治"
"148",2017-07-23,2.5,2.5,"中國新歌聲","政治"
"149",2017-07-24,0.6,0.6,"中國新歌聲","政治"
"150",2017-07-29,0.5,0.5,"中國新歌聲","政治"
"151",2017-08-21,1.6,1.6,"中國新歌聲","政治"
"152",2017-09-21,0.5,0.5,"中國新歌聲","政治"
"153",2017-09-22,2.5,2.5,"中國新歌聲","政治"
"154",2017-09-23,3.2,3.2,"中國新歌聲","政治"
"155",2017-09-24,129.2,112.7,"中國新歌聲","政治"
"156",2017-09-25,82.4,76.4,"中國新歌聲","政治"
"157",2017-09-26,35.7,32.7,"中國新歌聲","政治"
"158",2017-09-27,7.7,7.2,"中國新歌聲","政治"
"159",2017-09-28,2.8,2.8,"中國新歌聲","政治"
"160",2017-09-29,5.2,4.7,"中國新歌聲","政治"
"161",2017-09-30,1,1,"中國新歌聲","政治"
"162",2017-10-01,1.2,1.2,"中國新歌聲","政治"
"163",2017-10-02,4.8,3.8,"中國新歌聲","政治"
"164",2017-10-03,5.7,5.2,"中國新歌聲","政治"
"165",2017-10-04,1.2,1.2,"中國新歌聲","政治"
"166",2017-10-05,0.5,0.5,"中國新歌聲","政治"
"167",2017-10-06,1.5,1.5,"中國新歌聲","政治"
"168",2017-10-10,0.6,0.6,"中國新歌聲","政治"
"169",2017-10-12,1,1,"中國新歌聲","政治"
"170",2017-10-17,0.1,0.1,"中國新歌聲","政治"
"171",2017-10-20,1,1,"中國新歌聲","政治"
"172",2017-10-27,0.5,0.5,"中國新歌聲","政治"
"173",2017-11-03,0.1,0.1,"中國新歌聲","政治"
"174",2017-11-10,0.1,0.1,"中國新歌聲","政治"
"175",2017-11-24,0.1,0.1,"中國新歌聲","政治"
"176",2017-12-06,0.5,0.5,"中國新歌聲","政治"
"177",2017-07-01,1.1,1.1,"罷昌案","政治"
"178",2017-07-02,1,1,"罷昌案","政治"
"179",2017-07-03,0.5,0.5,"罷昌案","政治"
"180",2017-07-15,1.1,1.1,"罷昌案","政治"
"181",2017-07-27,0.6,0.6,"罷昌案","政治"
"182",2017-07-28,0.5,0.5,"罷昌案","政治"
"183",2017-08-02,8.1,7.1,"罷昌案","政治"
"184",2017-08-04,0.5,0.5,"罷昌案","政治"
"185",2017-08-05,4.1,3.6,"罷昌案","政治"
"186",2017-08-06,10.3,8.3,"罷昌案","政治"
"187",2017-08-07,7.9,7.9,"罷昌案","政治"
"188",2017-08-08,1.4,1.4,"罷昌案","政治"
"189",2017-08-09,1,1,"罷昌案","政治"
"190",2017-08-11,0.6,0.6,"罷昌案","政治"
"191",2017-08-12,0.5,0.5,"罷昌案","政治"
"192",2017-08-16,0.5,0.5,"罷昌案","政治"
"193",2017-08-17,2.6,2.1,"罷昌案","政治"
"194",2017-08-19,0.5,0.5,"罷昌案","政治"
"195",2017-08-21,12.7,10.7,"罷昌案","政治"
"196",2017-08-22,0.8,0.8,"罷昌案","政治"
"197",2017-09-15,0.5,0.5,"罷昌案","政治"
"198",2017-09-27,4.5,4,"罷昌案","政治"
"199",2017-09-28,1,1,"罷昌案","政治"
"200",2017-09-30,0.1,0.1,"罷昌案","政治"
"201",2017-10-01,0.1,0.1,"罷昌案","政治"
"202",2017-10-05,0.5,0.5,"罷昌案","政治"
"203",2017-10-06,3.6,3.1,"罷昌案","政治"
"204",2017-10-08,12.3,11.8,"罷昌案","政治"
"205",2017-10-09,5.6,5.6,"罷昌案","政治"
"206",2017-10-10,2.1,1.6,"罷昌案","政治"
"207",2017-10-19,3.2,2.7,"罷昌案","政治"
"208",2017-10-20,5.3,5.3,"罷昌案","政治"
"209",2017-10-21,15.6,13.1,"罷昌案","政治"
"210",2017-10-22,6.2,6.2,"罷昌案","政治"
"211",2017-10-23,3.9,3.4,"罷昌案","政治"
"212",2017-10-24,2,2,"罷昌案","政治"
"213",2017-10-25,0.7,0.7,"罷昌案","政治"
"214",2017-10-26,2,2,"罷昌案","政治"
"215",2017-10-27,5.2,4.2,"罷昌案","政治"
"216",2017-11-03,3.7,3.7,"罷昌案","政治"
"217",2017-11-04,1.3,1.3,"罷昌案","政治"
"218",2017-11-05,1.1,1.1,"罷昌案","政治"
"219",2017-11-06,0.1,0.1,"罷昌案","政治"
"220",2017-11-07,0.5,0.5,"罷昌案","政治"
"221",2017-11-08,0.1,0.1,"罷昌案","政治"
"222",2017-11-09,1.6,1.6,"罷昌案","政治"
"223",2017-11-10,1.9,1.9,"罷昌案","政治"
"224",2017-11-11,1.3,1.3,"罷昌案","政治"
"225",2017-11-12,2.4,2.4,"罷昌案","政治"
"226",2017-11-13,0.7,0.7,"罷昌案","政治"
"227",2017-11-14,0.1,0.1,"罷昌案","政治"
"228",2017-11-15,0.1,0.1,"罷昌案","政治"
"229",2017-11-18,1.4,1.4,"罷昌案","政治"
"230",2017-11-19,0.2,0.2,"罷昌案","政治"
"231",2017-11-20,3.2,3.2,"罷昌案","政治"
"232",2017-11-21,0.2,0.2,"罷昌案","政治"
"233",2017-11-23,0.6,0.6,"罷昌案","政治"
"234",2017-11-24,2,2,"罷昌案","政治"
"235",2017-11-25,0.6,0.6,"罷昌案","政治"
"236",2017-11-26,0.2,0.2,"罷昌案","政治"
"237",2017-11-27,2.4,2.4,"罷昌案","政治"
"238",2017-11-28,1.4,1.4,"罷昌案","政治"
"239",2017-11-29,0.4,0.4,"罷昌案","政治"
"240",2017-11-30,3.9,3.9,"罷昌案","政治"
"241",2017-12-01,0.8,0.8,"罷昌案","政治"
"242",2017-12-02,3.7,3.7,"罷昌案","政治"
"243",2017-12-03,1.8,1.8,"罷昌案","政治"
"244",2017-12-04,2.2,2.2,"罷昌案","政治"
"245",2017-12-05,1.8,1.8,"罷昌案","政治"
"246",2017-12-06,14.2,11.7,"罷昌案","政治"
"247",2017-12-07,17.1,14.1,"罷昌案","政治"
"248",2017-12-08,13.4,10.4,"罷昌案","政治"
"249",2017-12-09,19,16,"罷昌案","政治"
"250",2017-12-10,10.2,9.7,"罷昌案","政治"
"251",2017-12-11,7.2,7.2,"罷昌案","政治"
"252",2017-12-12,4.9,4.9,"罷昌案","政治"
"253",2017-12-13,5.4,5.4,"罷昌案","政治"
"254",2017-12-14,4.8,4.8,"罷昌案","政治"
"255",2017-12-15,17.9,16.4,"罷昌案","政治"
"256",2017-12-16,97.2,84.7,"罷昌案","政治"
"257",2017-12-17,22.4,22.4,"罷昌案","政治"
"258",2017-12-18,7.1,7.1,"罷昌案","政治"
"259",2017-12-19,1,1,"罷昌案","政治"
"260",2017-07-01,10.2,10.2,"前瞻計畫","政治"
"261",2017-07-02,13.2,12.2,"前瞻計畫","政治"
"262",2017-07-03,23.9,20.9,"前瞻計畫","政治"
"263",2017-07-04,50.3,42.8,"前瞻計畫","政治"
"264",2017-07-05,39.2,36.7,"前瞻計畫","政治"
"265",2017-07-06,16.8,16.8,"前瞻計畫","政治"
"266",2017-07-07,14.2,14.2,"前瞻計畫","政治"
"267",2017-07-08,3.2,3.2,"前瞻計畫","政治"
"268",2017-07-09,8,8,"前瞻計畫","政治"
"269",2017-07-10,13,12,"前瞻計畫","政治"
"270",2017-07-11,40.5,36.5,"前瞻計畫","政治"
"271",2017-07-12,37.5,35,"前瞻計畫","政治"
"272",2017-07-13,11.6,11.6,"前瞻計畫","政治"
"273",2017-07-14,11.3,10.3,"前瞻計畫","政治"
"274",2017-07-15,1.8,1.8,"前瞻計畫","政治"
"275",2017-07-16,5,5,"前瞻計畫","政治"
"276",2017-07-17,3.9,3.9,"前瞻計畫","政治"
"277",2017-07-18,2.8,2.8,"前瞻計畫","政治"
"278",2017-07-22,1.7,1.7,"前瞻計畫","政治"
"279",2017-07-23,1,1,"前瞻計畫","政治"
"280",2017-07-24,0.6,0.6,"前瞻計畫","政治"
"281",2017-07-25,1.7,1.7,"前瞻計畫","政治"
"282",2017-07-26,2.6,2.1,"前瞻計畫","政治"
"283",2017-07-27,0.6,0.6,"前瞻計畫","政治"
"284",2017-07-28,0.6,0.6,"前瞻計畫","政治"
"285",2017-08-01,0.5,0.5,"前瞻計畫","政治"
"286",2017-08-02,1,1,"前瞻計畫","政治"
"287",2017-08-03,1.1,1.1,"前瞻計畫","政治"
"288",2017-08-04,1,1,"前瞻計畫","政治"
"289",2017-08-05,0.5,0.5,"前瞻計畫","政治"
"290",2017-08-06,2.2,2.2,"前瞻計畫","政治"
"291",2017-08-07,2.6,2.1,"前瞻計畫","政治"
"292",2017-08-08,4,4,"前瞻計畫","政治"
"293",2017-08-09,0.7,0.7,"前瞻計畫","政治"
"294",2017-08-10,5.6,5.1,"前瞻計畫","政治"
"295",2017-08-12,1,1,"前瞻計畫","政治"
"296",2017-08-13,0.6,0.6,"前瞻計畫","政治"
"297",2017-08-14,0.6,0.6,"前瞻計畫","政治"
"298",2017-08-15,2,2,"前瞻計畫","政治"
"299",2017-08-16,1.1,1.1,"前瞻計畫","政治"
"300",2017-08-17,0.9,0.9,"前瞻計畫","政治"
"301",2017-08-18,1,1,"前瞻計畫","政治"
"302",2017-08-20,0.5,0.5,"前瞻計畫","政治"
"303",2017-08-21,1.1,1.1,"前瞻計畫","政治"
"304",2017-08-22,0.7,0.7,"前瞻計畫","政治"
"305",2017-08-23,6.5,6,"前瞻計畫","政治"
"306",2017-08-24,19.8,18.8,"前瞻計畫","政治"
"307",2017-08-25,5.8,5.8,"前瞻計畫","政治"
"308",2017-08-26,1.5,1.5,"前瞻計畫","政治"
"309",2017-08-27,0.6,0.6,"前瞻計畫","政治"
"310",2017-08-28,0.2,0.2,"前瞻計畫","政治"
"311",2017-08-29,11.8,10.3,"前瞻計畫","政治"
"312",2017-08-30,3.8,3.8,"前瞻計畫","政治"
"313",2017-08-31,17.2,14.7,"前瞻計畫","政治"
"314",2017-09-01,3.1,3.1,"前瞻計畫","政治"
"315",2017-09-02,1.3,1.3,"前瞻計畫","政治"
"316",2017-09-03,0.6,0.6,"前瞻計畫","政治"
"317",2017-09-04,0.5,0.5,"前瞻計畫","政治"
"318",2017-09-05,0.1,0.1,"前瞻計畫","政治"
"319",2017-09-06,0.7,0.7,"前瞻計畫","政治"
"320",2017-09-07,0.5,0.5,"前瞻計畫","政治"
"321",2017-09-08,1,1,"前瞻計畫","政治"
"322",2017-09-13,0.5,0.5,"前瞻計畫","政治"
"323",2017-09-15,0.6,0.6,"前瞻計畫","政治"
"324",2017-09-21,1.6,1.6,"前瞻計畫","政治"
"325",2017-09-25,0.2,0.2,"前瞻計畫","政治"
"326",2017-09-26,0.5,0.5,"前瞻計畫","政治"
"327",2017-09-27,0.1,0.1,"前瞻計畫","政治"
"328",2017-09-30,2.1,2.1,"前瞻計畫","政治"
"329",2017-10-01,0.5,0.5,"前瞻計畫","政治"
"330",2017-10-17,0.5,0.5,"前瞻計畫","政治"
"331",2017-10-24,0.5,0.5,"前瞻計畫","政治"
"332",2017-10-26,0.5,0.5,"前瞻計畫","政治"
"333",2017-10-28,0.7,0.7,"前瞻計畫","政治"
"334",2017-11-03,0.5,0.5,"前瞻計畫","政治"
"335",2017-11-04,1,1,"前瞻計畫","政治"
"336",2017-11-07,0.2,0.2,"前瞻計畫","政治"
"337",2017-11-13,0.5,0.5,"前瞻計畫","政治"
"338",2017-11-16,0.1,0.1,"前瞻計畫","政治"
"339",2017-11-17,0.5,0.5,"前瞻計畫","政治"
"340",2017-11-25,0.1,0.1,"前瞻計畫","政治"
"341",2017-11-26,0.5,0.5,"前瞻計畫","政治"
"342",2017-11-30,2,2,"前瞻計畫","政治"
"343",2017-12-06,1,1,"前瞻計畫","政治"
"344",2017-12-07,0.5,0.5,"前瞻計畫","政治"
"345",2017-12-15,0.2,0.2,"前瞻計畫","政治"
"346",2017-12-24,0.6,0.6,"前瞻計畫","政治"
"347",2017-07-24,9.9,9.9,"墾丁觀光","社會"
"348",2017-07-25,4.4,4.4,"墾丁觀光","社會"
"349",2017-07-26,32.5,30,"墾丁觀光","社會"
"350",2017-07-27,3.6,3.6,"墾丁觀光","社會"
"351",2017-07-29,0.6,0.6,"墾丁觀光","社會"
"352",2017-08-01,0.5,0.5,"墾丁觀光","社會"
"353",2017-08-02,0.1,0.1,"墾丁觀光","社會"
"354",2017-08-06,0.5,0.5,"墾丁觀光","社會"
"355",2017-08-11,0.7,0.7,"墾丁觀光","社會"
"356",2017-09-19,0.5,0.5,"墾丁觀光","社會"
"357",2017-10-01,0.1,0.1,"墾丁觀光","社會"
"358",2017-10-03,0.5,0.5,"墾丁觀光","社會"
"359",2017-10-04,0.1,0.1,"墾丁觀光","社會"
"360",2017-10-06,0.5,0.5,"墾丁觀光","社會"
"361",2017-10-11,0.1,0.1,"墾丁觀光","社會"
"362",2017-11-17,0.5,0.5,"墾丁觀光","社會"
"363",2017-12-01,3.1,3.1,"墾丁觀光","社會"
"364",2017-12-05,22,20,"墾丁觀光","社會"
"365",2017-12-07,18.1,13.1,"墾丁觀光","社會"
"366",2017-12-08,0.5,0.5,"墾丁觀光","社會"
"367",2017-12-09,0.5,0.5,"墾丁觀光","社會"
"368",2017-12-11,0.5,0.5,"墾丁觀光","社會"
"369",2017-12-15,11.7,11.2,"墾丁觀光","社會"
"370",2017-12-16,8.3,8.3,"墾丁觀光","社會"
"371",2017-12-17,1.1,1.1,"墾丁觀光","社會"
"372",2017-12-18,0.7,0.7,"墾丁觀光","社會"
"373",2017-12-20,2.1,2.1,"墾丁觀光","社會"
"374",2017-12-21,1,1,"墾丁觀光","社會"
"375",2017-07-01,0.1,0.1,"停電","社會"
"376",2017-07-02,2.2,2.2,"停電","社會"
"377",2017-07-04,1,1,"停電","社會"
"378",2017-07-05,0.5,0.5,"停電","社會"
"379",2017-07-07,0.5,0.5,"停電","社會"
"380",2017-07-10,0.6,0.6,"停電","社會"
"381",2017-07-12,2,2,"停電","社會"
"382",2017-07-13,0.5,0.5,"停電","社會"
"383",2017-07-14,1,1,"停電","社會"
"384",2017-07-15,0.1,0.1,"停電","社會"
"385",2017-07-17,1,1,"停電","社會"
"386",2017-07-23,0.5,0.5,"停電","社會"
"387",2017-07-24,0.5,0.5,"停電","社會"
"388",2017-07-26,0.5,0.5,"停電","社會"
"389",2017-07-29,15.3,15.3,"停電","社會"
"390",2017-07-30,2,2,"停電","社會"
"391",2017-08-01,0.6,0.6,"停電","社會"
"392",2017-08-02,3.7,3.7,"停電","社會"
"393",2017-08-03,5.2,5.2,"停電","社會"
"394",2017-08-04,1.2,1.2,"停電","社會"
"395",2017-08-05,2.1,2.1,"停電","社會"
"396",2017-08-06,4.6,4.6,"停電","社會"
"397",2017-08-07,5.3,5.3,"停電","社會"
"398",2017-08-08,6.3,6.3,"停電","社會"
"399",2017-08-09,1,1,"停電","社會"
"400",2017-08-10,2.1,2.1,"停電","社會"
"401",2017-08-11,0.6,0.6,"停電","社會"
"402",2017-08-12,1,1,"停電","社會"
"403",2017-08-13,3.6,3.6,"停電","社會"
"404",2017-08-14,1.1,1.1,"停電","社會"
"405",2017-08-15,319,308.5,"停電","社會"
"406",2017-08-16,127.9,122.4,"停電","社會"
"407",2017-08-17,58.9,56.9,"停電","社會"
"408",2017-08-18,27.8,27.3,"停電","社會"
"409",2017-08-19,8.2,8.2,"停電","社會"
"410",2017-08-20,3.3,3.3,"停電","社會"
"411",2017-08-21,4.7,4.7,"停電","社會"
"412",2017-08-22,8.4,7.9,"停電","社會"
"413",2017-08-23,11.8,10.8,"停電","社會"
"414",2017-08-24,11.1,9.6,"停電","社會"
"415",2017-08-25,2.6,2.6,"停電","社會"
"416",2017-08-26,0.1,0.1,"停電","社會"
"417",2017-08-27,3.5,3.5,"停電","社會"
"418",2017-08-28,2.2,2.2,"停電","社會"
"419",2017-08-29,3.2,3.2,"停電","社會"
"420",2017-08-30,2,2,"停電","社會"
"421",2017-08-31,1,1,"停電","社會"
"422",2017-09-01,1.5,1.5,"停電","社會"
"423",2017-09-03,1.5,1.5,"停電","社會"
"424",2017-09-04,1.1,1.1,"停電","社會"
"425",2017-09-05,9.1,8.1,"停電","社會"
"426",2017-09-06,2,2,"停電","社會"
"427",2017-09-07,2.1,2.1,"停電","社會"
"428",2017-09-08,2.6,2.6,"停電","社會"
"429",2017-09-09,1,1,"停電","社會"
"430",2017-09-10,1.6,1.6,"停電","社會"
"431",2017-09-11,0.5,0.5,"停電","社會"
"432",2017-09-12,1.6,1.6,"停電","社會"
"433",2017-09-13,1.1,1.1,"停電","社會"
"434",2017-09-14,1.1,1.1,"停電","社會"
"435",2017-09-15,0.6,0.6,"停電","社會"
"436",2017-09-16,2.5,2.5,"停電","社會"
"437",2017-09-17,0.5,0.5,"停電","社會"
"438",2017-09-18,0.6,0.6,"停電","社會"
"439",2017-09-20,0.1,0.1,"停電","社會"
"440",2017-09-21,0.5,0.5,"停電","社會"
"441",2017-09-22,0.5,0.5,"停電","社會"
"442",2017-09-23,0.5,0.5,"停電","社會"
"443",2017-09-24,2,2,"停電","社會"
"444",2017-09-25,2,2,"停電","社會"
"445",2017-09-26,2,2,"停電","社會"
"446",2017-09-27,0.6,0.6,"停電","社會"
"447",2017-09-28,0.5,0.5,"停電","社會"
"448",2017-09-29,2.1,2.1,"停電","社會"
"449",2017-10-02,0.5,0.5,"停電","社會"
"450",2017-10-03,5.1,4.6,"停電","社會"
"451",2017-10-04,0.5,0.5,"停電","社會"
"452",2017-10-05,0.5,0.5,"停電","社會"
"453",2017-10-06,0.6,0.6,"停電","社會"
"454",2017-10-07,0.1,0.1,"停電","社會"
"455",2017-10-08,0.1,0.1,"停電","社會"
"456",2017-10-10,0.6,0.6,"停電","社會"
"457",2017-10-12,0.5,0.5,"停電","社會"
"458",2017-10-13,0.5,0.5,"停電","社會"
"459",2017-10-14,1.6,1.6,"停電","社會"
"460",2017-10-15,0.5,0.5,"停電","社會"
"461",2017-10-17,0.5,0.5,"停電","社會"
"462",2017-10-18,0.5,0.5,"停電","社會"
"463",2017-10-19,0.1,0.1,"停電","社會"
"464",2017-10-20,0.6,0.6,"停電","社會"
"465",2017-10-23,0.5,0.5,"停電","社會"
"466",2017-11-04,1,1,"停電","社會"
"467",2017-11-05,1,1,"停電","社會"
"468",2017-11-08,0.5,0.5,"停電","社會"
"469",2017-11-10,1,1,"停電","社會"
"470",2017-11-11,2,2,"停電","社會"
"471",2017-11-12,0.5,0.5,"停電","社會"
"472",2017-11-13,0.5,0.5,"停電","社會"
"473",2017-11-14,0.5,0.5,"停電","社會"
"474",2017-11-15,0.6,0.6,"停電","社會"
"475",2017-11-16,0.5,0.5,"停電","社會"
"476",2017-11-21,0.5,0.5,"停電","社會"
"477",2017-11-22,1,1,"停電","社會"
"478",2017-11-23,0.5,0.5,"停電","社會"
"479",2017-11-24,0.5,0.5,"停電","社會"
"480",2017-11-27,0.5,0.5,"停電","社會"
"481",2017-11-29,0.5,0.5,"停電","社會"
"482",2017-11-30,0.6,0.6,"停電","社會"
"483",2017-12-01,0.5,0.5,"停電","社會"
"484",2017-12-02,1.5,1.5,"停電","社會"
"485",2017-12-04,1.1,1.1,"停電","社會"
"486",2017-12-05,0.5,0.5,"停電","社會"
"487",2017-12-10,0.5,0.5,"停電","社會"
"488",2017-12-14,0.5,0.5,"停電","社會"
"489",2017-12-16,0.5,0.5,"停電","社會"
"490",2017-12-18,2,2,"停電","社會"
"491",2017-12-20,0.6,0.6,"停電","社會"
"492",2017-12-21,1.5,1.5,"停電","社會"
"493",2017-12-22,4.2,4.2,"停電","社會"
"494",2017-12-23,1.6,1.6,"停電","社會"
"495",2017-12-24,0.5,0.5,"停電","社會"
"496",2017-09-29,67.3,63.3,"徐乃麟","娛樂"
"497",2017-09-30,62.3,56.3,"徐乃麟","娛樂"
"498",2017-10-01,11.7,11.2,"徐乃麟","娛樂"
"499",2017-10-02,14.1,14.1,"徐乃麟","娛樂"
"500",2017-10-03,2.9,2.9,"徐乃麟","娛樂"
"501",2017-10-04,21.7,20.7,"徐乃麟","娛樂"
"502",2017-10-05,1.7,1.7,"徐乃麟","娛樂"
"503",2017-10-06,2.8,2.8,"徐乃麟","娛樂"
"504",2017-10-07,2.5,2.5,"徐乃麟","娛樂"
"505",2017-10-09,2.5,2,"徐乃麟","娛樂"
"506",2017-10-10,0.5,0.5,"徐乃麟","娛樂"
"507",2017-10-11,1.5,1.5,"徐乃麟","娛樂"
"508",2017-10-13,0.5,0.5,"徐乃麟","娛樂"
"509",2017-10-16,0.6,0.6,"徐乃麟","娛樂"
"510",2017-10-22,1.7,1.7,"徐乃麟","娛樂"
"511",2017-10-23,1,1,"徐乃麟","娛樂"
"512",2017-10-24,0.5,0.5,"徐乃麟","娛樂"
"513",2017-10-26,0.5,0.5,"徐乃麟","娛樂"
"514",2017-11-14,0.5,0.5,"徐乃麟","娛樂"
"515",2017-11-15,0.5,0.5,"徐乃麟","娛樂"
"516",2017-11-16,0.1,0.1,"徐乃麟","娛樂"
"517",2017-11-18,0.5,0.5,"徐乃麟","娛樂"
"518",2017-07-01,0.5,0.5,"妙禪","娛樂"
"519",2017-07-03,0.1,0.1,"妙禪","娛樂"
"520",2017-07-04,0.5,0.5,"妙禪","娛樂"
"521",2017-07-06,0.5,0.5,"妙禪","娛樂"
"522",2017-07-10,0.5,0.5,"妙禪","娛樂"
"523",2017-07-11,1,1,"妙禪","娛樂"
"524",2017-07-12,0.5,0.5,"妙禪","娛樂"
"525",2017-07-13,0.5,0.5,"妙禪","娛樂"
"526",2017-07-14,1,1,"妙禪","娛樂"
"527",2017-07-17,0.5,0.5,"妙禪","娛樂"
"528",2017-07-22,0.5,0.5,"妙禪","娛樂"
"529",2017-07-23,0.1,0.1,"妙禪","娛樂"
"530",2017-07-24,0.1,0.1,"妙禪","娛樂"
"531",2017-07-26,0.5,0.5,"妙禪","娛樂"
"532",2017-07-27,0.5,0.5,"妙禪","娛樂"
"533",2017-07-28,0.5,0.5,"妙禪","娛樂"
"534",2017-07-29,0.5,0.5,"妙禪","娛樂"
"535",2017-08-01,0.5,0.5,"妙禪","娛樂"
"536",2017-08-03,0.5,0.5,"妙禪","娛樂"
"537",2017-08-10,0.6,0.6,"妙禪","娛樂"
"538",2017-08-11,0.5,0.5,"妙禪","娛樂"
"539",2017-08-14,1.1,1.1,"妙禪","娛樂"
"540",2017-08-15,0.5,0.5,"妙禪","娛樂"
"541",2017-08-17,0.6,0.6,"妙禪","娛樂"
"542",2017-08-18,1.6,1.6,"妙禪","娛樂"
"543",2017-08-19,0.5,0.5,"妙禪","娛樂"
"544",2017-08-20,0.5,0.5,"妙禪","娛樂"
"545",2017-08-21,0.5,0.5,"妙禪","娛樂"
"546",2017-08-22,1,1,"妙禪","娛樂"
"547",2017-08-23,0.6,0.6,"妙禪","娛樂"
"548",2017-08-24,0.6,0.6,"妙禪","娛樂"
"549",2017-08-25,1,1,"妙禪","娛樂"
"550",2017-08-27,1.5,1.5,"妙禪","娛樂"
"551",2017-08-28,0.5,0.5,"妙禪","娛樂"
"552",2017-08-29,1,1,"妙禪","娛樂"
"553",2017-08-31,1,1,"妙禪","娛樂"
"554",2017-09-01,1,1,"妙禪","娛樂"
"555",2017-09-02,0.5,0.5,"妙禪","娛樂"
"556",2017-09-03,1.6,1.6,"妙禪","娛樂"
"557",2017-09-04,0.1,0.1,"妙禪","娛樂"
"558",2017-09-05,0.5,0.5,"妙禪","娛樂"
"559",2017-09-06,0.5,0.5,"妙禪","娛樂"
"560",2017-09-07,0.5,0.5,"妙禪","娛樂"
"561",2017-09-08,0.5,0.5,"妙禪","娛樂"
"562",2017-09-09,0.6,0.6,"妙禪","娛樂"
"563",2017-09-10,58.2,54.7,"妙禪","娛樂"
"564",2017-09-11,39.3,36.8,"妙禪","娛樂"
"565",2017-09-12,30.7,29.2,"妙禪","娛樂"
"566",2017-09-13,38.7,35.7,"妙禪","娛樂"
"567",2017-09-14,57.8,53.8,"妙禪","娛樂"
"568",2017-09-15,84,79,"妙禪","娛樂"
"569",2017-09-16,38.7,38.2,"妙禪","娛樂"
"570",2017-09-17,60.9,58.4,"妙禪","娛樂"
"571",2017-09-18,20.3,19.8,"妙禪","娛樂"
"572",2017-09-19,20,19.5,"妙禪","娛樂"
"573",2017-09-20,18.9,18.4,"妙禪","娛樂"
"574",2017-09-21,17.6,17.1,"妙禪","娛樂"
"575",2017-09-22,23,23,"妙禪","娛樂"
"576",2017-09-23,8.7,8.7,"妙禪","娛樂"
"577",2017-09-24,2.8,2.8,"妙禪","娛樂"
"578",2017-09-25,4.7,4.2,"妙禪","娛樂"
"579",2017-09-26,4.1,3.6,"妙禪","娛樂"
"580",2017-09-27,8.6,8.6,"妙禪","娛樂"
"581",2017-09-28,1,1,"妙禪","娛樂"
"582",2017-09-29,4,4,"妙禪","娛樂"
"583",2017-09-30,3.6,3.6,"妙禪","娛樂"
"584",2017-10-01,1.2,1.2,"妙禪","娛樂"
"585",2017-10-02,1.1,1.1,"妙禪","娛樂"
"586",2017-10-03,0.5,0.5,"妙禪","娛樂"
"587",2017-10-05,18.4,17.4,"妙禪","娛樂"
"588",2017-10-06,1.5,1.5,"妙禪","娛樂"
"589",2017-10-07,2,2,"妙禪","娛樂"
"590",2017-10-09,0.1,0.1,"妙禪","娛樂"
"591",2017-10-11,1.5,1.5,"妙禪","娛樂"
"592",2017-10-13,0.5,0.5,"妙禪","娛樂"
"593",2017-10-14,5,4.5,"妙禪","娛樂"
"594",2017-10-15,1.6,1.6,"妙禪","娛樂"
"595",2017-10-18,0.5,0.5,"妙禪","娛樂"
"596",2017-10-21,2.1,2.1,"妙禪","娛樂"
"597",2017-10-22,0.1,0.1,"妙禪","娛樂"
"598",2017-10-27,0.5,0.5,"妙禪","娛樂"
"599",2017-10-28,0.6,0.6,"妙禪","娛樂"
"600",2017-11-03,1.1,1.1,"妙禪","娛樂"
"601",2017-11-05,0.5,0.5,"妙禪","娛樂"
"602",2017-11-06,6.5,6,"妙禪","娛樂"
"603",2017-11-07,1,1,"妙禪","娛樂"
"604",2017-11-08,1.6,1.6,"妙禪","娛樂"
"605",2017-11-09,2.9,2.4,"妙禪","娛樂"
"606",2017-11-10,2.1,2.1,"妙禪","娛樂"
"607",2017-11-11,0.5,0.5,"妙禪","娛樂"
"608",2017-11-13,0.6,0.6,"妙禪","娛樂"
"609",2017-11-14,0.6,0.6,"妙禪","娛樂"
"610",2017-11-15,3.1,2.6,"妙禪","娛樂"
"611",2017-11-16,0.5,0.5,"妙禪","娛樂"
"612",2017-11-17,0.1,0.1,"妙禪","娛樂"
"613",2017-11-18,1.5,1.5,"妙禪","娛樂"
"614",2017-11-19,1,1,"妙禪","娛樂"
"615",2017-11-20,0.5,0.5,"妙禪","娛樂"
"616",2017-11-21,1.5,1.5,"妙禪","娛樂"
"617",2017-11-23,0.5,0.5,"妙禪","娛樂"
"618",2017-11-27,0.6,0.6,"妙禪","娛樂"
"619",2017-11-28,1.5,1.5,"妙禪","娛樂"
"620",2017-11-30,1.5,1.5,"妙禪","娛樂"
"621",2017-12-01,0.5,0.5,"妙禪","娛樂"
"622",2017-12-03,0.5,0.5,"妙禪","娛樂"
"623",2017-12-04,1,1,"妙禪","娛樂"
"624",2017-12-06,0.6,0.6,"妙禪","娛樂"
"625",2017-12-08,1.1,1.1,"妙禪","娛樂"
"626",2017-12-11,1,1,"妙禪","娛樂"
"627",2017-12-12,4.7,4.7,"妙禪","娛樂"
"628",2017-12-13,7.1,7.1,"妙禪","娛樂"
"629",2017-12-14,0.1,0.1,"妙禪","娛樂"
"630",2017-12-15,7.1,5.6,"妙禪","娛樂"
"631",2017-12-16,0.1,0.1,"妙禪","娛樂"
"632",2017-12-19,1,1,"妙禪","娛樂"
"633",2017-12-21,1,1,"妙禪","娛樂"
"634",2017-07-03,0.5,0.5,"世大運","重大活動"
"635",2017-07-04,1,1,"世大運","重大活動"
"636",2017-07-05,0.5,0.5,"世大運","重大活動"
"637",2017-07-06,1.7,1.7,"世大運","重大活動"
"638",2017-07-07,2,2,"世大運","重大活動"
"639",2017-07-08,2.1,2.1,"世大運","重大活動"
"640",2017-07-09,0.6,0.6,"世大運","重大活動"
"641",2017-07-10,6,5.5,"世大運","重大活動"
"642",2017-07-11,0.5,0.5,"世大運","重大活動"
"643",2017-07-12,2.2,2.2,"世大運","重大活動"
"644",2017-07-13,9.1,8.1,"世大運","重大活動"
"645",2017-07-14,1.5,1.5,"世大運","重大活動"
"646",2017-07-15,9,7.5,"世大運","重大活動"
"647",2017-07-16,10.2,8.2,"世大運","重大活動"
"648",2017-07-17,15.3,13.8,"世大運","重大活動"
"649",2017-07-18,1.6,1.6,"世大運","重大活動"
"650",2017-07-22,2,2,"世大運","重大活動"
"651",2017-07-23,1.5,1.5,"世大運","重大活動"
"652",2017-07-24,1.6,1.6,"世大運","重大活動"
"653",2017-07-25,2.2,2.2,"世大運","重大活動"
"654",2017-07-26,9.8,7.3,"世大運","重大活動"
"655",2017-07-27,2.2,2.2,"世大運","重大活動"
"656",2017-07-28,9.3,8.8,"世大運","重大活動"
"657",2017-07-29,11.3,10.3,"世大運","重大活動"
"658",2017-07-30,1,1,"世大運","重大活動"
"659",2017-08-01,5.6,5.6,"世大運","重大活動"
"660",2017-08-02,5.2,5.2,"世大運","重大活動"
"661",2017-08-03,5.5,4.5,"世大運","重大活動"
"662",2017-08-04,5.4,5.4,"世大運","重大活動"
"663",2017-08-05,1.5,1.5,"世大運","重大活動"
"664",2017-08-06,3.5,3.5,"世大運","重大活動"
"665",2017-08-07,3.6,3.6,"世大運","重大活動"
"666",2017-08-08,15.4,14.9,"世大運","重大活動"
"667",2017-08-09,20.7,18.7,"世大運","重大活動"
"668",2017-08-10,12.2,11.7,"世大運","重大活動"
"669",2017-08-11,33.8,29.8,"世大運","重大活動"
"670",2017-08-12,31.9,29.9,"世大運","重大活動"
"671",2017-08-13,26.8,26.3,"世大運","重大活動"
"672",2017-08-14,28.5,28.5,"世大運","重大活動"
"673",2017-08-15,21,21,"世大運","重大活動"
"674",2017-08-16,12.1,11.6,"世大運","重大活動"
"675",2017-08-17,35.8,30.3,"世大運","重大活動"
"676",2017-08-18,28,27,"世大運","重大活動"
"677",2017-08-19,215,196.5,"世大運","重大活動"
"678",2017-08-20,206.4,195.9,"世大運","重大活動"
"679",2017-08-21,120.5,109.5,"世大運","重大活動"
"680",2017-08-22,116.3,103.8,"世大運","重大活動"
"681",2017-08-23,120.4,109.9,"世大運","重大活動"
"682",2017-08-24,96.2,88.7,"世大運","重大活動"
"683",2017-08-25,65.9,62.9,"世大運","重大活動"
"684",2017-08-26,100.8,90.3,"世大運","重大活動"
"685",2017-08-27,128.8,116.3,"世大運","重大活動"
"686",2017-08-28,105.6,97.6,"世大運","重大活動"
"687",2017-08-29,107.8,99.8,"世大運","重大活動"
"688",2017-08-30,231.6,212.6,"世大運","重大活動"
"689",2017-08-31,102.4,95.4,"世大運","重大活動"
"690",2017-09-01,86.5,76,"世大運","重大活動"
"691",2017-09-02,30.1,28.1,"世大運","重大活動"
"692",2017-09-03,14.3,14.3,"世大運","重大活動"
"693",2017-09-04,12.2,11.7,"世大運","重大活動"
"694",2017-09-05,7.4,6.9,"世大運","重大活動"
"695",2017-09-06,17.1,15.1,"世大運","重大活動"
"696",2017-09-07,8.7,7.7,"世大運","重大活動"
"697",2017-09-08,3.8,3.8,"世大運","重大活動"
"698",2017-09-09,1.5,1.5,"世大運","重大活動"
"699",2017-09-10,4.8,4.8,"世大運","重大活動"
"700",2017-09-11,8.6,8.6,"世大運","重大活動"
"701",2017-09-12,2.1,2.1,"世大運","重大活動"
"702",2017-09-13,0.6,0.6,"世大運","重大活動"
"703",2017-09-14,4.4,3.9,"世大運","重大活動"
"704",2017-09-15,3.6,3.6,"世大運","重大活動"
"705",2017-09-16,2,2,"世大運","重大活動"
"706",2017-09-17,2.8,2.8,"世大運","重大活動"
"707",2017-09-18,0.5,0.5,"世大運","重大活動"
"708",2017-09-19,4,4,"世大運","重大活動"
"709",2017-09-20,5.8,5.3,"世大運","重大活動"
"710",2017-09-21,0.3,0.3,"世大運","重大活動"
"711",2017-09-22,0.6,0.6,"世大運","重大活動"
"712",2017-09-23,6.9,5.9,"世大運","重大活動"
"713",2017-09-24,2.1,2.1,"世大運","重大活動"
"714",2017-09-25,2.1,2.1,"世大運","重大活動"
"715",2017-09-26,2.1,2.1,"世大運","重大活動"
"716",2017-09-27,1,1,"世大運","重大活動"
"717",2017-09-28,1.5,1.5,"世大運","重大活動"
"718",2017-09-29,0.5,0.5,"世大運","重大活動"
"719",2017-09-30,1.1,1.1,"世大運","重大活動"
"720",2017-10-01,0.5,0.5,"世大運","重大活動"
"721",2017-10-02,0.5,0.5,"世大運","重大活動"
"722",2017-10-03,0.5,0.5,"世大運","重大活動"
"723",2017-10-05,5.5,4.5,"世大運","重大活動"
"724",2017-10-06,1,1,"世大運","重大活動"
"725",2017-10-07,8,7,"世大運","重大活動"
"726",2017-10-09,0.6,0.6,"世大運","重大活動"
"727",2017-10-11,7.5,5,"世大運","重大活動"
"728",2017-10-13,1.1,1.1,"世大運","重大活動"
"729",2017-10-14,0.5,0.5,"世大運","重大活動"
"730",2017-10-16,0.5,0.5,"世大運","重大活動"
"731",2017-10-17,1.5,1.5,"世大運","重大活動"
"732",2017-10-18,0.5,0.5,"世大運","重大活動"
"733",2017-10-21,0.5,0.5,"世大運","重大活動"
"734",2017-10-23,1,1,"世大運","重大活動"
"735",2017-10-24,2.2,2.2,"世大運","重大活動"
"736",2017-10-25,0.1,0.1,"世大運","重大活動"
"737",2017-10-26,0.5,0.5,"世大運","重大活動"
"738",2017-10-27,0.5,0.5,"世大運","重大活動"
"739",2017-11-03,0.6,0.6,"世大運","重大活動"
"740",2017-11-04,0.6,0.6,"世大運","重大活動"
"741",2017-11-07,1,1,"世大運","重大活動"
"742",2017-11-08,0.5,0.5,"世大運","重大活動"
"743",2017-11-14,0.5,0.5,"世大運","重大活動"
"744",2017-11-17,1.6,1.6,"世大運","重大活動"
"745",2017-11-18,0.5,0.5,"世大運","重大活動"
"746",2017-11-19,0.5,0.5,"世大運","重大活動"
"747",2017-11-20,0.1,0.1,"世大運","重大活動"
"748",2017-11-21,0.6,0.6,"世大運","重大活動"
"749",2017-11-27,1.3,1.3,"世大運","重大活動"
"750",2017-11-28,0.1,0.1,"世大運","重大活動"
"751",2017-12-03,0.5,0.5,"世大運","重大活動"
"752",2017-12-06,2.1,2.1,"世大運","重大活動"
"753",2017-12-10,0.1,0.1,"世大運","重大活動"
"754",2017-12-11,0.5,0.5,"世大運","重大活動"
"755",2017-12-24,0.5,0.5,"世大運","重大活動"
"756",2017-07-05,1,1,"加泰隆尼亞","國際"
"757",2017-07-06,0.5,0.5,"加泰隆尼亞","國際"
"758",2017-07-18,0.5,0.5,"加泰隆尼亞","國際"
"759",2017-09-07,1.5,1.5,"加泰隆尼亞","國際"
"760",2017-09-08,0.6,0.6,"加泰隆尼亞","國際"
"761",2017-09-09,0.5,0.5,"加泰隆尼亞","國際"
"762",2017-09-10,0.5,0.5,"加泰隆尼亞","國際"
"763",2017-09-11,0.1,0.1,"加泰隆尼亞","國際"
"764",2017-09-12,1,1,"加泰隆尼亞","國際"
"765",2017-09-14,0.5,0.5,"加泰隆尼亞","國際"
"766",2017-09-16,0.5,0.5,"加泰隆尼亞","國際"
"767",2017-09-18,0.5,0.5,"加泰隆尼亞","國際"
"768",2017-09-20,0.5,0.5,"加泰隆尼亞","國際"
"769",2017-09-22,0.5,0.5,"加泰隆尼亞","國際"
"770",2017-09-23,0.5,0.5,"加泰隆尼亞","國際"
"771",2017-09-27,1,1,"加泰隆尼亞","國際"
"772",2017-09-30,2.5,2.5,"加泰隆尼亞","國際"
"773",2017-10-01,10.4,9.9,"加泰隆尼亞","國際"
"774",2017-10-02,30.8,29.3,"加泰隆尼亞","國際"
"775",2017-10-03,30.9,28.4,"加泰隆尼亞","國際"
"776",2017-10-04,5.1,5.1,"加泰隆尼亞","國際"
"777",2017-10-05,4.3,4.3,"加泰隆尼亞","國際"
"778",2017-10-06,5.2,5.2,"加泰隆尼亞","國際"
"779",2017-10-07,4.1,4.1,"加泰隆尼亞","國際"
"780",2017-10-08,7,7,"加泰隆尼亞","國際"
"781",2017-10-09,2.7,2.7,"加泰隆尼亞","國際"
"782",2017-10-10,8.3,8.3,"加泰隆尼亞","國際"
"783",2017-10-11,12.3,11.8,"加泰隆尼亞","國際"
"784",2017-10-12,1.5,1.5,"加泰隆尼亞","國際"
"785",2017-10-13,0.5,0.5,"加泰隆尼亞","國際"
"786",2017-10-14,0.5,0.5,"加泰隆尼亞","國際"
"787",2017-10-16,1.1,1.1,"加泰隆尼亞","國際"
"788",2017-10-17,1.5,1.5,"加泰隆尼亞","國際"
"789",2017-10-18,0.5,0.5,"加泰隆尼亞","國際"
"790",2017-10-19,1,1,"加泰隆尼亞","國際"
"791",2017-10-20,2,2,"加泰隆尼亞","國際"
"792",2017-10-21,2.5,2.5,"加泰隆尼亞","國際"
"793",2017-10-22,5,5,"加泰隆尼亞","國際"
"794",2017-10-23,0.5,0.5,"加泰隆尼亞","國際"
"795",2017-10-24,0.5,0.5,"加泰隆尼亞","國際"
"796",2017-10-25,1,1,"加泰隆尼亞","國際"
"797",2017-10-26,1.7,1.7,"加泰隆尼亞","國際"
"798",2017-10-27,16.2,15.7,"加泰隆尼亞","國際"
"799",2017-10-28,35.5,34.5,"加泰隆尼亞","國際"
"800",2017-10-29,7.1,5.6,"加泰隆尼亞","國際"
"801",2017-11-03,0.5,0.5,"加泰隆尼亞","國際"
"802",2017-11-04,1.5,1.5,"加泰隆尼亞","國際"
"803",2017-11-05,0.6,0.6,"加泰隆尼亞","國際"
"804",2017-11-08,0.5,0.5,"加泰隆尼亞","國際"
"805",2017-12-09,0.5,0.5,"加泰隆尼亞","國際"
"806",2017-12-20,0.1,0.1,"加泰隆尼亞","國際"
"807",2017-12-22,3,3,"加泰隆尼亞","國際"
"808",2017-12-23,1,1,"加泰隆尼亞","國際"
